grammar-points	a1	https://test-english.com/grammar-points/a1/present-simple-forms-of-to-be/	Present simple forms of 'to be': am/is/are
grammar-points	a1	https://test-english.com/grammar-points/a1/this-that-these-those/	This, that, these, those
grammar-points	a1	https://test-english.com/grammar-points/a1/possessive-adjectives/	Possessive adjectives and subject pronouns (I/my, you/your, etc.)
grammar-points	a1	https://test-english.com/grammar-points/a1/a-an-plurals/	A/an, plurals: Singular and plural forms
grammar-points	a1	https://test-english.com/grammar-points/a1/adjectives/	Adjectives: Old, interesting, expensive, etc.
grammar-points	a1	https://test-english.com/grammar-points/a1/present-simple/	Present simple: I do, I don't, Do I?
grammar-points	a1	https://test-english.com/grammar-points/a1/questions/	Questions: Word order and question words
grammar-points	a1	https://test-english.com/grammar-points/a1/adverbs-frequency/	Adverbs of frequency with present simple
grammar-points	a1	https://test-english.com/grammar-points/a1/object-pronouns/	Object pronouns vs subject pronouns: Me or I, she or her?
grammar-points	a1	https://test-english.com/grammar-points/a1/whose-possessive-s/	Whose, possessive 's: Whose is this? It's Mike's
grammar-points	a1	https://test-english.com/grammar-points/a1/at-in-on-prepositions-time/	At, in, on: Prepositions of time
grammar-points	a1	https://test-english.com/grammar-points/a1/at-in-on-prepositions-of-place/	At, in, on: Prepositions of place
grammar-points	a1	https://test-english.com/grammar-points/a1/can-cant/	Can, can't: Ability, possibility, permission
grammar-points	a1	https://test-english.com/grammar-points/a1/present-continuous/	Present continuous: I'm doing, I'm not doing, Are you doing?
grammar-points	a1	https://test-english.com/grammar-points/a1/present-simple-present-continuous/	Present simple or present continuous?
grammar-points	a1	https://test-english.com/grammar-points/a1/imperative-sit-dont-talk/	The imperative: Sit down! Don’t talk!
grammar-points	a1	https://test-english.com/grammar-points/a1/was-were/	Was/were: Past simple of 'be'
grammar-points	a1	https://test-english.com/grammar-points/a1/past-simple-regular-irregular/	Past simple: Regular/irregular verbs
grammar-points	a1	https://test-english.com/grammar-points/a1/past-simple-negatives-questions/	Past simple: Negatives and questions
grammar-points	a1	https://test-english.com/grammar-points/a1/verbs-infinitive-verbs-ing/	Verbs + to + infinitive and verbs + -ing
grammar-points	a1	https://test-english.com/grammar-points/a1/would-like/	Would you like...? I'd like...
grammar-points	a1	https://test-english.com/grammar-points/a1/have-got/	Have got
grammar-points	a1	https://test-english.com/grammar-points/a1/a-some-any-countable-uncountable/	A, some, any: Countable and uncountable nouns
grammar-points	a1	https://test-english.com/grammar-points/a1/there-is-there-are/	There is, there are / there was, there were
grammar-points	a1	https://test-english.com/grammar-points/a1/there-it/	There or It
grammar-points	a1	https://test-english.com/grammar-points/a1/next-to-under-between-in-front-behind-etc/	Next to, under, between, in front of, behind, over, etc.
grammar-points	a1	https://test-english.com/grammar-points/a1/much-many-lot-little-few/	Much, many, a lot of, a little, a few
grammar-points	a1	https://test-english.com/grammar-points/a1/comparative-adjectives/	Comparative adjectives: Older than, more important than, etc.
grammar-points	a1	https://test-english.com/grammar-points/a1/superlative-adjectives/	Superlative adjectives: The oldest, the most important, etc.
grammar-points	a1	https://test-english.com/grammar-points/a1/will-and-shall/	'Will' and 'shall': Future
grammar-points	a1	https://test-english.com/grammar-points/a1/be-going-to-plans-predictions/	Be going to: Plans and predictions
grammar-points	a1	https://test-english.com/grammar-points/a1/adverbs-manner/	Adverbs of manner (slowly) or adjectives (slow)?
grammar-points	a1	https://test-english.com/grammar-points/a1/a-an-the-no-article/	A/an, the, no article: The use of articles in English
grammar-points	a1	https://test-english.com/grammar-points/a1/conjunctions_and-but-or-so-because/	Conjunctions: And, but, or, so, because
grammar-points	a1	https://test-english.com/grammar-points/a1/basic-word-order-in-english/	Basic word order in English
grammar-points	a1	https://test-english.com/grammar-points/a1/the-difference-between-this-and-it/	The difference between 'this' and 'it'
grammar-points	a1	https://test-english.com/grammar-points/a1/contents-a1/	Table of grammar contents – A1
grammar-points	a2	https://test-english.com/grammar-points/a2/asking-questions-in-english/	Asking questions in English: Question forms
grammar-points	a2	https://test-english.com/grammar-points/a2/subject-questions-questions-preposition/	Subject questions, questions with preposition
grammar-points	a2	https://test-english.com/grammar-points/a2/present-simple-continuous/	Present simple vs present continuous
grammar-points	a2	https://test-english.com/grammar-points/a2/past-simple-form-use/	Past simple: Form and use
grammar-points	a2	https://test-english.com/grammar-points/a2/past-continuous-past-simple/	Past continuous and past simple
grammar-points	a2	https://test-english.com/grammar-points/a2/purpose-to-for/	Expressing purpose with 'to' and 'for'
grammar-points	a2	https://test-english.com/grammar-points/a2/however-although-time-connectors/	However, although, because, so, and time connectors
grammar-points	a2	https://test-english.com/grammar-points/a2/will-vs-be-going-to/	'Will' vs 'be going to': Future forms
grammar-points	a2	https://test-english.com/grammar-points/a2/present-continuous-future-arrangements/	Present continuous for future arrangements
grammar-points	a2	https://test-english.com/grammar-points/a2/defining-relative-clauses-who-which-that-where/	Defining relative clauses: Who, which, that, where
grammar-points	a2	https://test-english.com/grammar-points/a2/present-perfect/	Present perfect: Form and use
grammar-points	a2	https://test-english.com/grammar-points/a2/present-perfect-or-past-simple/	Present perfect or past simple?
grammar-points	a2	https://test-english.com/grammar-points/a2/something-anything-nothing-etc/	Something, anything, nothing, etc.
grammar-points	a2	https://test-english.com/grammar-points/a2/comparative-superlative-adjectives-adverbs/	Comparative and superlative adjectives and adverbs
grammar-points	a2	https://test-english.com/grammar-points/a2/too-too-much-too-many-enough/	Too, too much, too many, enough
grammar-points	a2	https://test-english.com/grammar-points/a2/much-many-little-few-some-any/	Much, many, little, few, some, any: Quantifiers
grammar-points	a2	https://test-english.com/grammar-points/a2/most-most-of-the-most/	Most, most of, the most
grammar-points	a2	https://test-english.com/grammar-points/a2/infinitives-and-gerunds/	Infinitives and gerunds: Verb patterns
grammar-points	a2	https://test-english.com/grammar-points/a2/use-verb-go-english/	How to use the verb 'go' in English
grammar-points	a2	https://test-english.com/grammar-points/a2/have-to-dont-have-to-must-mustnt/	Have to, don't have to, must, mustn't
grammar-points	a2	https://test-english.com/grammar-points/a2/should-shouldnt/	Should, shouldn't
grammar-points	a2	https://test-english.com/grammar-points/a2/first-conditional-future-time-clauses/	First conditional and future time clauses
grammar-points	a2	https://test-english.com/grammar-points/a2/subject-pronouns-object-pronouns-possessive-pronouns-possessive-adjectives/	Subject and object pronouns, possessive pronouns and adjectives
grammar-points	a2	https://test-english.com/grammar-points/a2/second-conditional/	Second conditional
grammar-points	a2	https://test-english.com/grammar-points/a2/present-past-simple-passive/	Present and past simple passive: 'be' + past participle
grammar-points	a2	https://test-english.com/grammar-points/a2/used-to/	Used to, didn't use to: Past habits and states
grammar-points	a2	https://test-english.com/grammar-points/a2/might-might-not/	Might, might not: Possibility
grammar-points	a2	https://test-english.com/grammar-points/a2/prepositions-of-movement/	Prepositions of movement: Along, across, over, etc.
grammar-points	a2	https://test-english.com/grammar-points/a2/so-neither/	So, neither: So am I, neither do I, etc.
grammar-points	a2	https://test-english.com/grammar-points/a2/review-verb-tenses-a2/	Review of all pre-intermediate verb tenses (CEFR A2)
grammar-points	a2	https://test-english.com/grammar-points/a2/past-perfect/	Past perfect
grammar-points	a2	https://test-english.com/grammar-points/a2/reported-speech-indirect-speech/	Reported speech / Indirect speech
grammar-points	a2	https://test-english.com/grammar-points/a2/verbs-with-two-objects/	Verbs with two objects
grammar-points	a2	https://test-english.com/grammar-points/a2/the-different-uses-of-the-verb-get/	The different uses of the verb 'get'
grammar-points	a2	https://test-english.com/grammar-points/a2/do-vs-make-difference/	Do vs Make: What's the difference?
grammar-points	a2	https://test-english.com/grammar-points/a2/stative-vs-dynamic-verbs-or-non-action-vs-action-verbs/	Stative vs dynamic verbs (or non-action vs action verbs)
grammar-points	a2	https://test-english.com/grammar-points/a2/phrasal-verbs-transitive-and-intransitive-separable-and-inseparable/	Phrasal verbs: Transitive/intransitive, separable/inseparable
grammar-points	a2	https://test-english.com/grammar-points/a2/no-longer-any-longer-anymore/	No longer, any longer, anymore
grammar-points	a2	https://test-english.com/grammar-points/a2/on-time-vs-in-time-at-the-end-vs-in-the-end/	On time vs In time, At the end vs In the end
grammar-points	a2	https://test-english.com/grammar-points/a2/may-and-might-whats-the-difference/	May and might: What's the difference?
grammar-points	a2	https://test-english.com/grammar-points/a2/auxiliary-verbs-do-be-and-have/	Auxiliary verbs: do, be and have
grammar-points	a2	https://test-english.com/grammar-points/a2/contents-a2/	Table of grammar contents – A2
grammar-points	b1	https://test-english.com/grammar-points/b1/present-simple-present-continuous/	Present simple or present continuous
grammar-points	b1	https://test-english.com/grammar-points/b1/future-forms/	Future forms: Will, be going to, present continuous
grammar-points	b1	https://test-english.com/grammar-points/b1/past-simple-present-perfect/	Past simple or present perfect?
grammar-points	b1	https://test-english.com/grammar-points/b1/present-perfect-simple-present-perfect-continuous/	Present perfect simple and present perfect continuous
grammar-points	b1	https://test-english.com/grammar-points/b1/during-for-while/	During, for, while
grammar-points	b1	https://test-english.com/grammar-points/b1/comparative-superlative-adjectives-adverbs/	Comparative and superlative adjectives and adverbs
grammar-points	b1	https://test-english.com/grammar-points/b1/an-the-no-article/	A(n), the, no article
grammar-points	b1	https://test-english.com/grammar-points/b1/another-other-others-the-other-the-others/	Another, other, others, the other, the others
grammar-points	b1	https://test-english.com/grammar-points/b1/can-could-be-able-to/	Can, could, be able to: Ability and possibility
grammar-points	b1	https://test-english.com/grammar-points/b1/have-to-must-should/	Have to, must, should: Obligation, prohibition, necessity, advice
grammar-points	b1	https://test-english.com/grammar-points/b1/reflexive-pronouns-myself-yourself/	Reflexive pronouns: Myself, yourself, etc.
grammar-points	b1	https://test-english.com/grammar-points/b1/ed-ing-adjectives-adjectives-verbs/	-Ed/-ing adjectives: Adjectives from verbs
grammar-points	b1	https://test-english.com/grammar-points/b1/past-simple-past-continuous-past-perfect/	Past simple, past continuous, past perfect
grammar-points	b1	https://test-english.com/grammar-points/b1/review-verb-tenses-b1/	Review of all intermediate verb tenses (CEFR B1)
grammar-points	b1	https://test-english.com/grammar-points/b1/usually-used-to-be-used-to-get-used-to/	Usually, used to, be used to, get used to
grammar-points	b1	https://test-english.com/grammar-points/b1/passive-verb-forms/	Passive verb forms
grammar-points	b1	https://test-english.com/grammar-points/b1/active-passive-voice/	Active and passive voice
grammar-points	b1	https://test-english.com/grammar-points/b1/modal-verbs-of-deduction/	Modal verbs of deduction: Must, may, might, could, can't
grammar-points	b1	https://test-english.com/grammar-points/b1/first-conditional-future-time-clauses/	First conditional, future time clauses
grammar-points	b1	https://test-english.com/grammar-points/b1/second-conditional-unreal-situations/	Second conditional: Unreal situations
grammar-points	b1	https://test-english.com/grammar-points/b1/first-and-second-conditionals/	First and second conditionals
grammar-points	b1	https://test-english.com/grammar-points/b1/third-conditional-past-unreal-situations/	Third conditional: Past unreal situations
grammar-points	b1	https://test-english.com/grammar-points/b1/reported-speech-indirect-speech/	Indirect speech / Reported speech
grammar-points	b1	https://test-english.com/grammar-points/b1/gerund-or-infinitive-do-to-do-doing/	Gerund or infinitive: Do, to do, doing
grammar-points	b1	https://test-english.com/grammar-points/b1/much-many-lot-little-no/	Much, many, a lot, little, few, some, any, no: Quantifiers
grammar-points	b1	https://test-english.com/grammar-points/b1/all-both/	All, both: Quantifiers
grammar-points	b1	https://test-english.com/grammar-points/b1/both-either-neither/	Both, either, neither: Quantifiers
grammar-points	b1	https://test-english.com/grammar-points/b1/any-no-none/	Any, no, none: Quantifiers
grammar-points	b1	https://test-english.com/grammar-points/b1/so-such-such-a-so-much-so-many/	So, such, such a, so much, so many
grammar-points	b1	https://test-english.com/grammar-points/b1/defining-and-non-defining-relative-clauses/	Defining and non-defining relative clauses
grammar-points	b1	https://test-english.com/grammar-points/b1/question-tags/	Question tags: Aren't you? don't you?
grammar-points	b1	https://test-english.com/grammar-points/b1/clauses-contrast-purpose-reason/	Clauses of contrast, purpose and reason
grammar-points	b1	https://test-english.com/grammar-points/b1/verb-preposition/	Verb + preposition: Dependent prepositions
grammar-points	b1	https://test-english.com/grammar-points/b1/adjective-preposition/	Adjective + preposition: Dependent prepositions
grammar-points	b1	https://test-english.com/grammar-points/b1/had-better-its-time/	Had better... It's time...
grammar-points	b1	https://test-english.com/grammar-points/b1/for-since-from-difference/	For, since, from: What's the difference?
grammar-points	b1	https://test-english.com/grammar-points/b1/compound-adjectives-with-numbers-a-two-day-trip/	Compound adjectives with numbers: 'a two-day trip'
grammar-points	b1	https://test-english.com/grammar-points/b1/b1-phrasal-verbs-1-exercises-explanation/	B1 Phrasal verbs 1: Exercises and explanation
grammar-points	b1	https://test-english.com/grammar-points/b1/b1-phrasal-verbs-2-exercises-and-explanation/	B1 Phrasal verbs 2: Exercises and explanation
grammar-points	b1	https://test-english.com/grammar-points/b1/b1-phrasal-verbs-3-exercises-and-explanation/	B1 Phrasal verbs 3: Exercises and explanation
grammar-points	b1	https://test-english.com/grammar-points/b1/would-rather-would-sooner/	Would rather & Would sooner
grammar-points	b1	https://test-english.com/grammar-points/b1/contents-b1/	Table of grammar contents – B1
grammar-points	b1-b2	https://test-english.com/grammar-points/b1-b2/questions-different-types/	Questions: Different types
grammar-points	b1-b2	https://test-english.com/grammar-points/b1-b2/indirect-questions/	Indirect questions
grammar-points	b1-b2	https://test-english.com/grammar-points/b1-b2/auxiliary-verbs-different-uses/	Auxiliary verbs: Different uses
grammar-points	b1-b2	https://test-english.com/grammar-points/b1-b2/the-the-comparatives/	The ... the ... comparatives
grammar-points	b1-b2	https://test-english.com/grammar-points/b1-b2/present-perfect-simple-continuous/	Present perfect simple or continuous
grammar-points	b1-b2	https://test-english.com/grammar-points/b1-b2/adjectives-without-noun/	Adjectives without noun
grammar-points	b1-b2	https://test-english.com/grammar-points/b1-b2/adjective-order/	Adjective order
grammar-points	b1-b2	https://test-english.com/grammar-points/b1-b2/so-such-a-so-much-so-many/	So, such (a), so much, so many
grammar-points	b1-b2	https://test-english.com/grammar-points/b1-b2/narrative-tenses/	Narrative tenses: All past tenses
grammar-points	b1-b2	https://test-english.com/grammar-points/b1-b2/position-of-adverbs/	Position of adverbs and adverb phrases
grammar-points	b1-b2	https://test-english.com/grammar-points/b1-b2/future-continuous-and-future-perfect/	Future continuous and future perfect
grammar-points	b1-b2	https://test-english.com/grammar-points/b1-b2/review-verb-tenses-b1-b2/	Review of all upper-intermediate verb tenses (CEFR B2.1)
grammar-points	b1-b2	https://test-english.com/grammar-points/b1-b2/zero-first-conditional-future-time-clauses/	Zero and first conditional and future time clauses
grammar-points	b1-b2	https://test-english.com/grammar-points/b1-b2/second-third-conditionals/	Second and third conditionals: Unreal conditionals
grammar-points	b1-b2	https://test-english.com/grammar-points/b1-b2/wishes-regrets/	Wishes and regrets: I wish/if only
grammar-points	b1-b2	https://test-english.com/grammar-points/b1-b2/participle-adjectives/	Participles as adjectives: -ed/-ing adjectives
grammar-points	b1-b2	https://test-english.com/grammar-points/b1-b2/used-to/	Used to, be used to, get used to
grammar-points	b1-b2	https://test-english.com/grammar-points/b1-b2/would-and-used-to/	Would and used to: Past habits and repeated actions
grammar-points	b1-b2	https://test-english.com/grammar-points/b1-b2/gerund-or-infinitive/	Gerund or infinitive: Verb patterns
grammar-points	b1-b2	https://test-english.com/grammar-points/b1-b2/past-modal-verbs/	Past modal verbs of deduction
grammar-points	b1-b2	https://test-english.com/grammar-points/b1-b2/likely-unlikely-bound-definitely-probably/	Likely, unlikely, bound, definitely, probably: Probability
grammar-points	b1-b2	https://test-english.com/grammar-points/b1-b2/would-rather-would-prefer/	Would rather, would prefer: Expressing preference
grammar-points	b1-b2	https://test-english.com/grammar-points/b1-b2/verbs-of-the-senses/	Verbs of the senses: look, sound, feel, etc.
grammar-points	b1-b2	https://test-english.com/grammar-points/b1-b2/passive-voice-all-tenses/	The passive voice: All tenses
grammar-points	b1-b2	https://test-english.com/grammar-points/b1-b2/passive-reporting-verbs/	The passive with reporting verbs: It is said that ...
grammar-points	b1-b2	https://test-english.com/grammar-points/b1-b2/have-something-done/	Have something done
grammar-points	b1-b2	https://test-english.com/grammar-points/b1-b2/reporting-verbs/	Reporting verbs: Admit doing, refuse to do, etc.
grammar-points	b1-b2	https://test-english.com/grammar-points/b1-b2/clauses-contrast-purpose/	Clauses of contrast and purpose
grammar-points	b1-b2	https://test-english.com/grammar-points/b1-b2/whatever-whenever-wherever-whoever-however/	Whatever, whenever, wherever, whoever, however
grammar-points	b1-b2	https://test-english.com/grammar-points/b1-b2/quantifiers/	Quantifiers: All, most, both, either, neither, any, no, none
grammar-points	b1-b2	https://test-english.com/grammar-points/b1-b2/already-still-yet-whats-the-difference/	Already, still, yet: What's the difference?
grammar-points	b1-b2	https://test-english.com/grammar-points/b1-b2/neednt-dont-need-to-didnt-need-to-neednt-have/	Needn't, don't need to, didn't need to, needn't have
grammar-points	b1-b2	https://test-english.com/grammar-points/b1-b2/pretty-rather-quite-fairly-intensifiers/	Pretty, rather, quite, fairly: Adverbs of degree
grammar-points	b1-b2	https://test-english.com/grammar-points/b1-b2/when-i-do-vs-when-i-have-done/	When I do vs When I have done: Future time clauses
grammar-points	b1-b2	https://test-english.com/grammar-points/b1-b2/do-or-make-which-is-it/	Do or Make: Which is it?
grammar-points	b1-b2	https://test-english.com/grammar-points/b1-b2/double-negatives-in-english/	Double negatives in English
grammar-points	b1-b2	https://test-english.com/grammar-points/b1-b2/contents-b1plus/	Table of grammar contents – B1+
grammar-points	b2	https://test-english.com/grammar-points/b2/have-auxiliary-main-verb/	Have: Auxiliary or main verb
grammar-points	b2	https://test-english.com/grammar-points/b2/clauses-contrast-purpose-reason-result/	Clauses of contrast, purpose, reason and result
grammar-points	b2	https://test-english.com/grammar-points/b2/generic-pronouns/	Generic or common-gender pronouns
grammar-points	b2	https://test-english.com/grammar-points/b2/reflexive-reciprocal-pronouns/	Reflexive and reciprocal pronouns
grammar-points	b2	https://test-english.com/grammar-points/b2/there-and-it/	'There' and 'it': Preparatory subjects
grammar-points	b2	https://test-english.com/grammar-points/b2/narrative-tenses-used-to-would/	Narrative tenses, used to, would
grammar-points	b2	https://test-english.com/grammar-points/b2/get/	Get: Different meanings
grammar-points	b2	https://test-english.com/grammar-points/b2/discourse-markers/	Discourse markers: Linking words
grammar-points	b2	https://test-english.com/grammar-points/b2/speculation-deduction/	Speculation and deduction: Modal verbs and expressions
grammar-points	b2	https://test-english.com/grammar-points/b2/inversion-negative-adverbials/	Inversion with negative adverbials: Adding emphasis
grammar-points	b2	https://test-english.com/grammar-points/b2/distancing/	Distancing: Expressions and passive of reporting verbs
grammar-points	b2	https://test-english.com/grammar-points/b2/unreal-uses-past-tenses/	Wish, rather, if only, it's time: Unreal uses of past tenses
grammar-points	b2	https://test-english.com/grammar-points/b2/verb-object-infinitive-gerund/	Verb + object + infinitive/gerund: Verb patterns
grammar-points	b2	https://test-english.com/grammar-points/b2/unless-even-if-provided-as-long-conditionals/	Unless, even if, provided, as long as: Other expressions in conditionals
grammar-points	b2	https://test-english.com/grammar-points/b2/all-conditionals-mixed-conditionals-alternatives-if-inversion/	All conditionals: Mixed conditionals, alternatives to 'if', inversion
grammar-points	b2	https://test-english.com/grammar-points/b2/mixed-conditionals/	Mixed conditionals: If I were you, I wouldn't have done it
grammar-points	b2	https://test-english.com/grammar-points/b2/modal-verbs-permission-obligation-prohibition-necessity/	Modal verbs: Permission, obligation, prohibition, necessity
grammar-points	b2	https://test-english.com/grammar-points/b2/verbs-of-the-senses/	Verbs of the senses
grammar-points	b2	https://test-english.com/grammar-points/b2/gerunds-infinitives-complex-forms/	Gerunds and infinitives: Complex forms
grammar-points	b2	https://test-english.com/grammar-points/b2/future-forms-expressing-future-time/	Future forms: Expressing future time
grammar-points	b2	https://test-english.com/grammar-points/b2/ways-express-future/	Other ways to express future: Be about to, be due to, etc.
grammar-points	b2	https://test-english.com/grammar-points/b2/future-in-the-past/	Future in the past
grammar-points	b2	https://test-english.com/grammar-points/b2/ellipsis-and-substitution/	Ellipsis and substitution: Omitting or replacing words
grammar-points	b2	https://test-english.com/grammar-points/b2/compound-nouns-possessive-forms/	Compound nouns and possessive forms
grammar-points	b2	https://test-english.com/grammar-points/b2/cleft-sentences/	Cleft sentences: Adding emphasis
grammar-points	b2	https://test-english.com/grammar-points/b2/relative-clauses/	Relative clauses: Defining and non-defining
grammar-points	b2	https://test-english.com/grammar-points/b2/participle-clauses/	Participle clauses
grammar-points	b2	https://test-english.com/grammar-points/b2/passive-verbs-with-two-objects/	Passive verbs with two objects
grammar-points	b2	https://test-english.com/grammar-points/b2/possessive-s-with-time-expressions-two-hours-walk/	Possessive ’s with time expressions: Two hours’ walk
grammar-points	b2	https://test-english.com/grammar-points/b2/compound-adjectives-in-english/	Compound adjectives in English
grammar-points	b2	https://test-english.com/grammar-points/b2/50-common-noun-preposition-collocations/	50 common Noun + Preposition collocations
grammar-points	b2	https://test-english.com/grammar-points/b2/comparative-structures-modifying-comparatives/	Comparative structures: Modifying comparatives
grammar-points	b2	https://test-english.com/grammar-points/b2/reduced-infinitives-omitting-the-infinitive-phrase-after-to/	Reduced infinitives: Omitting the infinitive phrase after 'to'
grammar-points	b2	https://test-english.com/grammar-points/b2/contents-b2/	Table of grammar contents – B2
grammar-points	c1	https://test-english.com/grammar-points/c1/advanced-present-simple-and-present-continuous/	Advanced present simple and present continuous
grammar-points	c1	https://test-english.com/grammar-points/c1/advanced-past-simple-past-continuous-past-perfect/	Advanced past simple, past continuous & past perfect
grammar-points	c1	https://test-english.com/grammar-points/c1/advanced-modal-verbs-will-would-and-should/	Advanced modal verbs: will, would and should
grammar-points	c1	https://test-english.com/grammar-points/c1/advanced-modal-verbs-can-be-able-to-may-might/	Advanced modal verbs: can / be able to, may / might
grammar-points	c1	https://test-english.com/grammar-points/c1/the-subjunctive-in-english-present-and-past/	The subjunctive in English: Present and past
grammar-points	c1	https://test-english.com/grammar-points/c1/the-perfect-tenses-forms-and-uses/	The perfect tenses: Forms and uses
grammar-points	c1	https://test-english.com/grammar-points/c1/advanced-participle-clauses/	Advanced participle clauses
grammar-points	c1	https://test-english.com/grammar-points/c1/advanced-word-order/	Advanced word order
grammar-points	c1	https://test-english.com/grammar-points/c1/prepositions-position-and-advanced-patterns/	Prepositions: Position and advanced patterns
grammar-points	c1	https://test-english.com/grammar-points/c1/subject-verb-agreement-advanced-rules/	Subject–verb agreement: Advanced rules
vocabulary	a1	https://test-english.com/vocabulary/a1/common-things-a1-english-vocabulary/	Common things – A1 English Vocabulary
vocabulary	a1	https://test-english.com/vocabulary/a1/common-verbs-and-verb-phrases-a1-english-vocabulary/	Common verbs and verb phrases – A1 English Vocabulary
vocabulary	a1	https://test-english.com/vocabulary/a1/family-and-relatives-a1-english-vocabulary/	Family and relatives – A1 English Vocabulary
vocabulary	a1	https://test-english.com/vocabulary/a1/opposite-adjectives-for-describing-people-and-things-a1-english-vocabulary/	Opposite adjectives for describing people and things – A1 English Vocabulary
vocabulary	a1	https://test-english.com/vocabulary/a1/daily-routines-a1-english-vocabulary/	Daily routines  – A1 English Vocabulary
vocabulary	a1	https://test-english.com/vocabulary/a1/days-months-seasons-a1-english-vocabulary/	Days, months and seasons – A1 English Vocabulary
vocabulary	a1	https://test-english.com/vocabulary/a1/food-and-meals-a1-english-vocabulary/	Food and meals – A1 English Vocabulary
vocabulary	a1	https://test-english.com/vocabulary/a1/countries-and-nationalities-a1-english-vocabulary/	Countries and nationalities – A1 English Vocabulary
vocabulary	a1	https://test-english.com/vocabulary/a1/shops-and-shopping-a1-english-vocabulary/	Shops and shopping – A1 English Vocabulary
vocabulary	a1	https://test-english.com/vocabulary/a1/parts-of-the-body-a1-english-vocabulary/	Parts of the body – A1 English Vocabulary
vocabulary	a1	https://test-english.com/vocabulary/a1/clothes-a1-english-vocabulary/	Clothes – A1 English Vocabulary
vocabulary	a1	https://test-english.com/vocabulary/a1/the-house-rooms-parts-and-things-a1-english-vocabulary/	The house: rooms, parts, and things – A1 English Vocabulary
vocabulary	a1	https://test-english.com/vocabulary/a1/in-the-town-a1-english-vocabulary/	Places in a town – A1 English Vocabulary
vocabulary	a1	https://test-english.com/vocabulary/a1/at-the-restaurant-a1-english-vocabulary/	At the restaurant – A1 English Vocabulary
vocabulary	a1	https://test-english.com/vocabulary/a1/eating-and-drinking-utensils-a1-english-vocabulary/	Eating and drinking utensils – A1 English Vocabulary
vocabulary	a1	https://test-english.com/vocabulary/a1/movement-verbs-a1-english-vocabulary/	Movement verbs – A1 English Vocabulary
vocabulary	a1	https://test-english.com/vocabulary/a1/time-words-a1-english-vocabulary/	Time words – A1 English Vocabulary
vocabulary	a1	https://test-english.com/vocabulary/a1/basic-phrasal-verbs-a1-english-vocabulary/	Basic phrasal verbs – A1 English Vocabulary
vocabulary	a2	https://test-english.com/vocabulary/a2/words-with-prepositions-a2-english-vocabulary/	Words with prepositions – A2 English Vocabulary
vocabulary	a2	https://test-english.com/vocabulary/a2/describing-peoples-appearance-a2-english-vocabulary/	Describing people's appearance – A2 English Vocabulary
vocabulary	a2	https://test-english.com/vocabulary/a2/describing-peoples-personality-a2-english-vocabulary/	Describing people's personality – A2 English Vocabulary
vocabulary	a2	https://test-english.com/vocabulary/a2/shops-and-shopping-a2-english-vocabulary/	Shops and shopping – A2 English Vocabulary
vocabulary	a2	https://test-english.com/vocabulary/a2/clothes-a2-english-vocabulary/	Clothes – A2 English Vocabulary
vocabulary	a2	https://test-english.com/vocabulary/a2/housework-a2-english-vocabulary/	Housework – A2 English Vocabulary
vocabulary	a2	https://test-english.com/vocabulary/a2/towns-and-cities-a2-english-vocabulary/	Towns and cities – A2 English Vocabulary
vocabulary	a2	https://test-english.com/vocabulary/a2/common-phrasal-verbs-a2-english-vocabulary/	Common phrasal verbs – A2 English Vocabulary
vocabulary	a2	https://test-english.com/vocabulary/a2/the-weather-a2-english-vocabulary/	The weather – A2 English Vocabulary
vocabulary	a2	https://test-english.com/vocabulary/a2/in-a-hotel-a2-english-vocabulary/	In a hotel – A2 English Vocabulary
vocabulary	a2	https://test-english.com/vocabulary/a2/hobbies-and-free-time-a2-english-vocabulary/	Hobbies and free time – A2 English Vocabulary
vocabulary	a2	https://test-english.com/vocabulary/a2/say-tell-speak-talk-etc-a2-english-vocabulary/	Say, tell, speak, talk, etc. – A2 English Vocabulary
vocabulary	a2	https://test-english.com/vocabulary/a2/giving-directions-a2-english-vocabulary/	Giving directions – A2 English Vocabulary
vocabulary	a2	https://test-english.com/vocabulary/a2/holidays-a2-english-vocabulary/	Holidays – A2 English Vocabulary
vocabulary	a2	https://test-english.com/vocabulary/a2/the-countryside-a2-english-vocabulary/	The countryside – A2 English Vocabulary
vocabulary	a2	https://test-english.com/vocabulary/a2/containers-and-quantities-a2-english-vocabulary/	Containers and quantities – A2 English Vocabulary
vocabulary	a2	https://test-english.com/vocabulary/a2/technology-a2-english-vocabulary/	Technology – A2 English Vocabulary
vocabulary	a2	https://test-english.com/vocabulary/a2/everyday-problems-and-solutions-a2-english-vocabulary/	Everyday problems and solutions – A2 English Vocabulary
vocabulary	b1	https://test-english.com/vocabulary/b1/more-daily-routines-b1-english-vocabulary/	More daily routines – B1 English Vocabulary
vocabulary	b1	https://test-english.com/vocabulary/b1/relationships-b1-english-vocabulary/	Relationships – B1 English Vocabulary
vocabulary	b1	https://test-english.com/vocabulary/b1/education-b1-english-vocabulary/	Education – B1 English Vocabulary
vocabulary	b1	https://test-english.com/vocabulary/b1/money-b1-english-vocabulary/	Money – B1 English Vocabulary
vocabulary	b1	https://test-english.com/vocabulary/b1/work-b1-english-vocabulary/	Work – B1 English Vocabulary
vocabulary	b1	https://test-english.com/vocabulary/b1/food-and-cooking-b1-english-vocabulary/	Food and cooking – B1 English Vocabulary
vocabulary	b1	https://test-english.com/vocabulary/b1/hotels-and-accommodation-b1-english-vocabulary/	Hotels and accommodation – B1 English Vocabulary
vocabulary	b1	https://test-english.com/vocabulary/b1/transport-b1-english-vocabulary/	Transport – B1 English Vocabulary
vocabulary	b1	https://test-english.com/vocabulary/b1/houses-and-buildings-b1-english-vocabulary/	Houses – B1 English Vocabulary
vocabulary	b1	https://test-english.com/vocabulary/b1/free-time-activities-b1-english-vocabulary/	Free time activities – B1 English Vocabulary
vocabulary	b1	https://test-english.com/vocabulary/b1/sport-b1-english-vocabulary/	Sport – B1 English Vocabulary
vocabulary	b1	https://test-english.com/vocabulary/b1/the-body-parts-and-actions-b1-english-vocabulary/	The body: parts and actions – B1 English Vocabulary
vocabulary	b1	https://test-english.com/vocabulary/b1/news-and-media-b1-english-vocabulary/	News and media – B1 English Vocabulary
vocabulary	b1	https://test-english.com/vocabulary/b1/animals-and-their-bodies-and-sounds-b1-english-vocabulary/	Animals and their bodies and sounds – B1 English Vocabulary
vocabulary	b1	https://test-english.com/vocabulary/b1/types-of-movies-and-tv-shows-b1-english-vocabulary/	Types of movies and TV shows – B1 English Vocabulary
vocabulary	b1	https://test-english.com/vocabulary/b1/phone-talk-b1-english-vocabulary/	Phone Talk – B1 English Vocabulary
vocabulary	b1	https://test-english.com/vocabulary/b1/age-and-life-stages-b1-english-vocabulary/	Age and life stages – B1 English Vocabulary
vocabulary	b1	https://test-english.com/vocabulary/b1/pollution-and-how-to-stop-it-b1-english-vocabulary/	Pollution and how to stop it – B1 English Vocabulary
vocabulary	b1-b2	https://test-english.com/vocabulary/b1-b2/the-weather-and-natural-disasters-b1-b2-english-vocabulary/	The weather and natural disasters – B1+ English Vocabulary
vocabulary	b1-b2	https://test-english.com/vocabulary/b1-b2/health-problems-and-injuries-b1-b2-english-vocabulary/	Health problems and injuries – B1+ English Vocabulary
vocabulary	b1-b2	https://test-english.com/vocabulary/b1-b2/air-travel-b1-b2-english-vocabulary/	Air travel – B1+ English Vocabulary
vocabulary	b1-b2	https://test-english.com/vocabulary/b1-b2/crime-and-punishment-b1-b2-english-vocabulary/	Crime and punishment – B1+ English Vocabulary
vocabulary	b1-b2	https://test-english.com/vocabulary/b1-b2/types-of-crime-and-offenders-b1-english-vocabulary/	Types of crime and offenders – B1+ English Vocabulary
vocabulary	b1-b2	https://test-english.com/vocabulary/b1-b2/clothes-b1-b2-english-vocabulary/	Clothes – B1+ English Vocabulary
vocabulary	b1-b2	https://test-english.com/vocabulary/b1-b2/technology-b1-english-vocabulary/	Technology – B1+ English Vocabulary
vocabulary	b1-b2	https://test-english.com/vocabulary/b1-b2/personality-b1-english-vocabulary/	Personality – B1+ English Vocabulary
vocabulary	b1-b2	https://test-english.com/vocabulary/b1-b2/business-b1-english-vocabulary/	Business – B1+ English Vocabulary
vocabulary	b1-b2	https://test-english.com/vocabulary/b1-b2/houses-and-home-words-b1-english-vocabulary/	Houses and home words – B1+ English Vocabulary
vocabulary	b1-b2	https://test-english.com/vocabulary/b1-b2/fears-and-phobias-b1-english-vocabulary/	Fears and phobias – B1+ English Vocabulary
vocabulary	b1-b2	https://test-english.com/vocabulary/b1-b2/animal-world-b1-english-vocabulary/	The animal world – B1+ English Vocabulary
vocabulary	b1-b2	https://test-english.com/vocabulary/b1-b2/describing-books-b1-english-vocabulary/	Describing books – B1+ English Vocabulary
vocabulary	b1-b2	https://test-english.com/vocabulary/b1-b2/word-pairs-b1-english-vocabulary/	Word pairs – B1+ English Vocabulary
vocabulary	b1-b2	https://test-english.com/vocabulary/b1-b2/travel-b1-english-vocabulary/	Travel – B1+ English Vocabulary
vocabulary	b1-b2	https://test-english.com/vocabulary/b1-b2/everyday-problems-b1-english-vocabulary/	Everyday problems – B1+ English Vocabulary
vocabulary	b1-b2	https://test-english.com/vocabulary/b1-b2/social-media-actions-b1-english-vocabulary/	Social media actions – B1+ English Vocabulary
vocabulary	b1-b2	https://test-english.com/vocabulary/b1-b2/b1-plus-phrasal-verbs-i-b1-plus-english-vocabulary/	B1+ Phrasal verbs I – B1+ English Vocabulary
vocabulary	b2	https://test-english.com/vocabulary/b2/relationships-b2-english-vocabulary/	Relationships – B2 English Vocabulary
vocabulary	b2	https://test-english.com/vocabulary/b2/feelings-and-emotions-b2-english-vocabulary/	Feelings and emotions – B2 English Vocabulary
vocabulary	b2	https://test-english.com/vocabulary/b2/the-news-and-media-b2-english-vocabulary/	News and media – B2 English Vocabulary
vocabulary	b2	https://test-english.com/vocabulary/b2/war-and-peace-b2-english-vocabulary/	War and peace – B2 English Vocabulary
vocabulary	b2	https://test-english.com/vocabulary/b2/tourism-b2-english-vocabulary/	Tourism – B2 English Vocabulary
vocabulary	b2	https://test-english.com/vocabulary/b2/pollution-and-the-environment-b2-english-vocabulary/	Pollution and the environment – B2 English Vocabulary
vocabulary	b2	https://test-english.com/vocabulary/b2/money-and-finance-b2-english-vocabulary/	Money and finance – B2 English Vocabulary
vocabulary	b2	https://test-english.com/vocabulary/b2/car-b2-english-vocabulary/	Cars, roads and traffic – B2 English Vocabulary
vocabulary	b2	https://test-english.com/vocabulary/b2/health-and-sickness-b2-english-vocabulary/	Health and sickness – B2 English Vocabulary
vocabulary	b2	https://test-english.com/vocabulary/b2/work-and-jobs-b2-english-vocabulary/	Work and jobs – B2 English Vocabulary
vocabulary	b2	https://test-english.com/vocabulary/b2/education-b2-english-vocabulary/	Education – B2 English Vocabulary
vocabulary	b2	https://test-english.com/vocabulary/b2/challenges-and-achievements-b2-english-vocabulary/	Challenges and achievements – B2 English Vocabulary
vocabulary	b2	https://test-english.com/vocabulary/b2/food-and-food-products-b2-english-vocabulary/	Food and food products – B2 English Vocabulary
vocabulary	b2	https://test-english.com/vocabulary/b2/the-human-voice-and-other-sounds-b2-english-vocabulary/	The human voice and other sounds – B2 English Vocabulary
vocabulary	b2	https://test-english.com/vocabulary/b2/socializing-and-social-events-b2-english-vocabulary/	Socializing and social events – B2 English Vocabulary
vocabulary	b2	https://test-english.com/vocabulary/b2/talking-about-movies-b2-english-vocabulary/	Talking about movies – B2 English Vocabulary
vocabulary	b2	https://test-english.com/vocabulary/b2/technology-b2-english-vocabulary/	Technology: Managing your devices – B2 English Vocabulary
vocabulary	b2	https://test-english.com/vocabulary/b2/phrasal-verbs-i-b2-english-vocabulary/	Phrasal verbs I – B2 English Vocabulary
vocabulary	b2	https://test-english.com/vocabulary/b2/phrasal-verbs-ii-b2-english-vocabulary/	Phrasal verbs II – B2 English Vocabulary
vocabulary	c1	https://test-english.com/vocabulary/c1/feelings-and-reactions-c1-english-vocabulary/	Feelings and reactions – C1 English Vocabulary
vocabulary	c1	https://test-english.com/vocabulary/c1/ways-of-walking-c1-english-vocabulary/	Ways of walking – C1 English Vocabulary
vocabulary	c1	https://test-english.com/vocabulary/c1/vague-language-imprecision-c1-english-vocabulary/	Vague language: imprecision – C1 English Vocabulary
vocabulary	c1	https://test-english.com/vocabulary/c1/idiomatic-infinitive-phrases-c1-english-vocabulary/	Idiomatic infinitive phrases – C1 English Vocabulary
vocabulary	c1	https://test-english.com/vocabulary/c1/adverb-adjective-collocations-c1-english-vocabulary/	Adverb-adjective collocations – C1 English Vocabulary
vocabulary	c1	https://test-english.com/vocabulary/c1/eating-and-drinking-c1-english-vocabulary/	Eating and drinking – C1 English Vocabulary
vocabulary	c1	https://test-english.com/vocabulary/c1/time-and-place-idioms-c1-english-vocabulary/	Time and place idioms – C1 English Vocabulary
vocabulary	c1	https://test-english.com/vocabulary/c1/government-and-politics-c1-english-vocabulary/	Government and politics – C1 English Vocabulary
vocabulary	c1	https://test-english.com/vocabulary/c1/cause-and-effect-c1-english-vocabulary/	Cause and effect – C1 English Vocabulary
vocabulary	c1	https://test-english.com/vocabulary/c1/numbers-statistics-and-trends-c1-english-vocabulary/	Numbers, statistics and trends – C1 English Vocabulary
listening	a1	https://test-english.com/listening/a1/giving-personal-information-a1-english-listening-test/	Giving personal information – A1 English Listening Test
listening	a1	https://test-english.com/listening/a1/who-is-in-your-new-class-a1-english-listening-test/	Who is in your new class? – A1 English Listening Test
listening	a1	https://test-english.com/listening/a1/how-often-do-you-a1-english-listening-test/	How often do you...? – A1 English Listening Test
listening	a1	https://test-english.com/listening/a1/what-are-you-doing-a1-english-listening-test/	What are you doing? – A1 English Listening Test
listening	a1	https://test-english.com/listening/a1/tell-me-about-your-life-a1-english-listening-test/	Tell me about your life – A1 English Listening Test
listening	a1	https://test-english.com/listening/a1/what-are-you-going-to-do-a1-english-listening-test/	What are you going to do? – A1 English Listening Test
listening	a1	https://test-english.com/listening/a1/comparing-things-and-people-a1-english-listening-test/	Comparing things and people – A1 English Listening Test
listening	a1	https://test-english.com/listening/a1/describing-rooms-there-is-are-prepositions-of-place-a1-english-listening-test/	Describing rooms (there is/are, prep. of place) – A1 English Listening Test
listening	a1	https://test-english.com/listening/a1/countries-nationalities-and-languages-a1-english-listening-test/	Countries, nationalities, and languages – A1 English Listening Test
listening	a1	https://test-english.com/listening/a1/the-house-my-favourite-room-a1-english-listening-test/	The house: My favourite room  – A1 English Listening Test
listening	a1	https://test-english.com/listening/a1/whats-your-job-a1-english-listening-test/	What's your job? – A1 English Listening Test
listening	a1	https://test-english.com/listening/a1/invitations-would-you-like-to-a1-english-listening-test/	Invitations: Would you like to ...? – A1 English Listening Test
listening	a1	https://test-english.com/listening/a1/what-did-you-do-last-weekend-a1-english-listening-test/	What did you do last weekend? (Past simple) – A1 English Listening Test
listening	a1	https://test-english.com/listening/a1/ordering-at-the-restaurant-a1-listening-test/	Ordering at the restaurant – A1 English Listening Test
listening	a1	https://test-english.com/listening/a1/free-time-listening-test/	Free time - A1 English Listening Test
listening	a1	https://test-english.com/listening/a1/city-transport-a1-english-listening-test/	City transport - A1 English Listening Test
listening	a1	https://test-english.com/listening/a1/describing-people-a1-english-listening-test/	Describing people – A1 English Listening Test
listening	a1	https://test-english.com/listening/a1/looking-for-a-man-a1-english-listening-test/	Looking for a man – A1 English Listening Test
listening	a1	https://test-english.com/listening/a1/what-did-you-do-last-summer-listening-test/	What did you do last summer - A1 English Listening Test
listening	a1	https://test-english.com/listening/a1/kathys-job-listening-test/	Kathy's job - A1 English Listening Test
listening	a1	https://test-english.com/listening/a1/my-last-holiday-listening-test/	My last holiday - A1 English Listening Test
listening	a1	https://test-english.com/listening/a1/weekend-plans-listening-test/	Weekend plans - A1 English Listening Test
listening	a1	https://test-english.com/listening/a1/living-on-an-island-listening-test/	Living on an island - A1 English Listening Test
listening	a1	https://test-english.com/listening/a1/my-family-listening-test/	My family - A1 English Listening Test
listening	a1	https://test-english.com/listening/a1/what-are-they-wearing-clothes-listening-test/	What are they wearing? Clothes - A1 English Listening Test
listening	a1	https://test-english.com/listening/a1/my-flat-listening-test/	My flat - A1 English Listening Test
listening	a1	https://test-english.com/listening/a1/sports-and-exercise-listening-test/	Sports and exercise - A1 English Listening Test
listening	a1	https://test-english.com/listening/a1/shopping-habits-listening-test/	Shopping habits - A1 English Listening Test
listening	a1	https://test-english.com/listening/a1/daily-routines-listening-test/	Daily routines – A1 English Listening Test
listening	a1	https://test-english.com/listening/a1/schools-in-britain-listening-test/	Schools in Britain - A1 English Listening Test
listening	a1	https://test-english.com/listening/a1/cinema-theatre-listening-test/	Cinema and Theatre in London - A1 English Listening Test
listening	a2	https://test-english.com/listening/a2/what-are-your-roommates-like-a2-english-listening-test/	What are your roommates like? – A2 English Listening Test
listening	a2	https://test-english.com/listening/a2/checking-into-a-hotel-a2-english-listening-test/	Checking into a hotel – A2 English Listening Test
listening	a2	https://test-english.com/listening/a2/giving-directions-a2-english-listening-test/	Giving directions – A2 English Listening Test
listening	a2	https://test-english.com/listening/a2/do-your-kids-help-with-household-chores-a2-english-listening-test/	Do your kids help with household chores? – A2 English Listening Test
listening	a2	https://test-english.com/listening/a2/what-do-you-have-to-do-at-home-a2-english-listening-test/	What do you have to do at home? – A2 English Listening Test
listening	a2	https://test-english.com/listening/a2/renting-a-car-a2-english-listening-test/	Renting a car – A2 English Listening Test
listening	a2	https://test-english.com/listening/a2/party-experiences-a2-english-listening-test/	Party experiences – A2 English Listening Test
listening	a2	https://test-english.com/listening/a2/what-are-your-hobbies-a2-listening-test/	What are your hobbies? – A2 English Listening Test
listening	a2	https://test-english.com/listening/a2/have-you-ever-experiences-a2-english-listening-test/	Have you ever... (Experiences) – A2 English Listening Test
listening	a2	https://test-english.com/listening/a2/shopping-for-clothes-a2-english-listening-test/	Shopping for clothes – A2 English Listening Test
listening	a2	https://test-english.com/listening/a2/new-years-resolutions-a2-english-listening-test/	New Year's resolutions (Be going to) – A2 English Listening Test
listening	a2	https://test-english.com/listening/a2/talking-about-films-listening-test/	Talking about films - A2 English Listening Test
listening	a2	https://test-english.com/listening/a2/future-plans-listening-test/	Future plans - A2 English Listening Test
listening	a2	https://test-english.com/listening/a2/if-i-were-a-millionaire-second-conditional-a2-english-listening-test/	If I were a millionaire (Second conditional) – A2 English Listening Test
listening	a2	https://test-english.com/listening/a2/the-city-where-i-live-listening-test/	The city where I live - A2 English Listening Test
listening	a2	https://test-english.com/listening/a2/my-friends-listening-test/	My friends - A2 English Listening Test
listening	a2	https://test-english.com/listening/a2/what-were-you-doing-at-the-time-of-the-murder-past-tenses-a2-english-listening-test/	What were you doing at the time of the murder? – A2 English Listening
listening	a2	https://test-english.com/listening/a2/summer-job-interview-a2-english-listening-test/	Summer job interview – A2 English Listening Test
listening	a2	https://test-english.com/listening/a2/life-changes-listening-test/	Life changes - A2 English Listening Test
listening	a2	https://test-english.com/listening/a2/my-studies-listening-test/	My studies - A2 English Listening Test
listening	a2	https://test-english.com/listening/a2/elisas-family-listening-test/	Elisa's family - A2 English Listening Test
listening	a2	https://test-english.com/listening/a2/two-americans-living-in-london-listening-test/	Two Americans living in London - A2 English Listening Test
listening	a2	https://test-english.com/listening/a2/working-from-home-listening-test/	Working from home - A2 English Listening Test
listening	a2	https://test-english.com/listening/a2/learning-a-new-job-listening-test/	Learning a new job - A2 English Listening Test
listening	a2	https://test-english.com/listening/a2/how-my-town-has-changed-listening-test/	How my town has changed - A2 English Listening Test
listening	a2	https://test-english.com/listening/a2/is-london-cheaper-than-new-york-comparatives-a2-english-listening-test/	Is London cheaper than New York? – A2 English Listening Test
listening	a2	https://test-english.com/listening/a2/london-sightseeing-listening-test/	London sightseeing – A2 English Listening Test
listening	a2	https://test-english.com/listening/a2/sports-uk-listening-test/	Sports in the UK – A2 English Listening Test
listening	a2	https://test-english.com/listening/a2/interview-english-teacher-listening-test/	Interview with an English teacher – A2 English Listening Test
listening	a2	https://test-english.com/listening/a2/english-pubs-a2-listening/	English pubs – A2 English Listening Test
listening	a2	https://test-english.com/listening/a2/london-transport-listening-test/	London transport - A2 English Listening Test
listening	b1	https://test-english.com/listening/b1/working-while-travelling-the-world-b1-english-listening-test/	Working while travelling the world – B1 English Listening Test
listening	b1	https://test-english.com/listening/b1/where-did-you-stay-b1-english-listening-test/	Where did you stay? – B1 English Listening Test
listening	b1	https://test-english.com/listening/b1/stories-of-school-and-education-b1-english-listening-test/	Stories of school and education  – B1 English Listening Test
listening	b1	https://test-english.com/listening/b1/personal-work-stories-b1-english-listening-test/	Personal Work Stories – B1 English Listening Test
listening	b1	https://test-english.com/listening/b1/talking-about-money-b1-english-listening-test/	Talking About Money – B1 English Listening Test
listening	b1	https://test-english.com/listening/b1/famous-sports-cheating-scandals-b1-english-listening-test/	Famous sports cheating scandals – B1 English Listening Test
listening	b1	https://test-english.com/listening/b1/weird-driving-rules-modal-verbs-b1-english-listening-test/	Weird driving rules (Modal verbs) – B1 English Listening Test
listening	b1	https://test-english.com/listening/b1/borough-market-b1-english-listening-test/	Borough Market – B1 English Listening Test
listening	b1	https://test-english.com/listening/b1/york-england-a-medieval-town-b1-english-listening-test/	York, England: a medieval town – B1 English Listening Test
listening	b1	https://test-english.com/listening/b1/how-do-you-travel-to-work-b1-english-listening-test/	How do you travel to work? – B1 English Listening Test
listening	b1	https://test-english.com/listening/b1/stories-of-relationships-b1-english-listening-test/	Stories of relationships – B1 English Listening Test
listening	b1	https://test-english.com/listening/b1/how-do-you-keep-fit-b1-english-listening-test/	How do you keep fit? – B1 English Listening Test
listening	b1	https://test-english.com/listening/b1/living-with-your-ex-after-a-break-up-b1-english-listening-test/	Living with your ex after a break-up – B1 English Listening Test
listening	b1	https://test-english.com/listening/b1/are-exams-necessary-b1-english-listening-test/	Are exams necessary? – B1 English Listening Test
listening	b1	https://test-english.com/listening/b1/why-saint-patricks-day-went-global-b1-listening-test/	Why Saint Patrick’s day went global – B1 English Listening Test
listening	b1	https://test-english.com/listening/b1/stonehenge-b1-listening-test/	Stonehenge – B1 English Listening Test
listening	b1	https://test-english.com/listening/b1/500-year-old-paintings-raphael-found-b1-listening-test/	500-year-old paintings from Raphael found – B1 English Listening Test
listening	b1	https://test-english.com/listening/b1/children-new-billionaires-b1-listening-test/	Children: New billionaires - B1 English Listening Test
listening	b1	https://test-english.com/listening/b1/halloween-history-listening-test/	Halloween history –  B1 English Listening Test
listening	b1	https://test-english.com/listening/b1/how-to-fuel-the-future-listening-test/	How to fuel the future –  B1 English Listening Test
listening	b1	https://test-english.com/listening/b1/humans-mars-listening-test/	When will humans get to Mars? –  B1 English Listening Test
listening	b1	https://test-english.com/listening/b1/why-do-languages-die-listening-test/	Why do languages die? –  B1 English Listening Test
listening	b1	https://test-english.com/listening/b1/biography-albert-einstein-listening-test/	Biography of Albert Einstein – B1 English Listening Test
listening	b1	https://test-english.com/listening/b1/plastic-roads-listening-test/	Roads made of plastic waste – B1 English Listening Test
listening	b1	https://test-english.com/listening/b1/safest-place-world-listening-test/	Is this the safest place in the world? – B1 English Listening Test
listening	b1	https://test-english.com/listening/b1/the-most-dangerous-church-listening-test/	The most dangerous church in the world – B1 English Listening Test
listening	b1	https://test-english.com/listening/b1/burgers-made-of-insects-listening-test/	Burgers made of insects – B1 English Listening Test
listening	b1	https://test-english.com/listening/b1/family-expecting-17th-child-listening-test/	Family expecting their 17th child – B1 English Listening Test
listening	b1	https://test-english.com/listening/b1/secret-underground-city-listening-test/	Secret underground city – B1 English Listening Test
listening	b1	https://test-english.com/listening/b1/the-woman-behind-the-voice-of-siri-listening-test/	The woman behind the voice of Siri – B1 English Listening Test
listening	b1-b2	https://test-english.com/listening/b1-b2/ravi-the-uncatchable-smuggler-b1-listening-test/	Ravi, the uncatchable smuggler – B1+ Listening Test
listening	b1-b2	https://test-english.com/listening/b1-b2/will-humans-become-supermachines-b1-english-listening-test/	Will humans become supermachines? – B1+ English Listening Test
listening	b1-b2	https://test-english.com/listening/b1-b2/i-should-have-b2-english-listening-test/	I should have... – B1+ English Listening Test
listening	b1-b2	https://test-english.com/listening/b1-b2/crime-scene-investigation-b1-english-listening-test/	Crime scene investigation – B1+ English Listening Test
listening	b1-b2	https://test-english.com/listening/b1-b2/culture-shock-living-abroad-b1-english-listening-test/	Culture shock: Living abroad – B1+ English Listening Test
listening	b1-b2	https://test-english.com/listening/b1-b2/fears-and-phobias-b1-english-listening-test/	Fears and Phobias – B1+ English Listening Test
listening	b1-b2	https://test-english.com/listening/b1-b2/journey-through-our-solar-system-b2-english-listening-test/	Journey through our Solar System – B1+ English Listening Test
listening	b1-b2	https://test-english.com/listening/b1-b2/air-travel-experiences-b1-english-listening-test/	Air travel experiences – B1+ English Listening Test
listening	b1-b2	https://test-english.com/listening/b1-b2/health-problems-b1-b2-english-listening-test/	Health problems – B1+ English Listening Test
listening	b1-b2	https://test-english.com/listening/b1-b2/school-reunion-b1-listening-test/	School reunion – B1+ English Listening Test
listening	b1-b2	https://test-english.com/listening/b1-b2/living-on-the-road/	Living on the road – B1+ English Listening Test
listening	b1-b2	https://test-english.com/listening/b1-b2/interview-jonathan-franzen/	Interview with Jonathan Franzen – B1+ English Listening Test
listening	b1-b2	https://test-english.com/listening/b1-b2/the-return-of-polio-in-the-us_b1-b2-listening-test/	The return of Polio in the US – B1+ English Listening Test
listening	b1-b2	https://test-english.com/listening/b1-b2/haunted-house-pennsylvania/	Haunted house in Pennsylvania – B1+ English Listening Test
listening	b1-b2	https://test-english.com/listening/b1-b2/fighting-crime-analysing-handwriting/	Fighting crime by analysing handwriting – B1+ English Listening Test
listening	b1-b2	https://test-english.com/listening/b1-b2/cyberchondria/	Do you suffer from cyberchondria? – B1+ English Listening Test
listening	b1-b2	https://test-english.com/listening/b1-b2/islamic-fashion-gains-popularity/	Islamic fashion gains popularity – B1+ English Listening Test
listening	b1-b2	https://test-english.com/listening/b1-b2/teen-survived-plane-crash/	Teen who survived plane crash – B1+ English Listening Test
listening	b1-b2	https://test-english.com/listening/b1-b2/the-hyperloop/	The Hyperloop: the future of transportation? – B1+ English Listening
listening	b1-b2	https://test-english.com/listening/b1-b2/the-ecocapsule/	The Ecocapsule – B1+ English Listening Test
listening	b1-b2	https://test-english.com/listening/b1-b2/surviving-in-the-jungle/	Surviving in the jungle – B1+ English Listening Test
listening	b1-b2	https://test-english.com/listening/b1-b2/my-husband-is-annoying-b1-b2-listening-test/	My Husband is Annoying – B1+ English Listening Test
listening	b1-b2	https://test-english.com/listening/b1-b2/top-5-regrets-dying-interview/	The Top 5 Regrets of the dying – B1+ English Listening Test
listening	b1-b2	https://test-english.com/listening/b1-b2/sleep-disorders-overview/	Sleep Disorders Overview – B1+ English Listening Test
listening	b1-b2	https://test-english.com/listening/b1-b2/interview-victim-domestic-abuse/	Interview with a victim of domestic abuse – B1+ English Listening Test
listening	b1-b2	https://test-english.com/listening/b1-b2/actors-talk-acting/	Actors talk about acting – B1+ English Listening Test
listening	b1-b2	https://test-english.com/listening/b1-b2/batman-brings-justice/	Batman brings justice – B1+ English Listening Test
listening	b1-b2	https://test-english.com/listening/b1-b2/detroit/	Detroit – B1+ English Listening Test
listening	b1-b2	https://test-english.com/listening/b1-b2/solar-road/	Solar road – B1+ English Listening Test
listening	b1-b2	https://test-english.com/listening/b1-b2/head-transplant/	Head transplant – B1+ English Listening Test
listening	b2	https://test-english.com/listening/b2/relationship-dilemmas-b2-english-listening-test/	Relationship dilemmas – B2 English Listening Test
listening	b2	https://test-english.com/listening/b2/can-music-be-medicine-b2-english-listening-test/	Can music be medicine? – B2 English Listening Test
listening	b2	https://test-english.com/listening/b2/regrets-i-wish-id-b2-english-listening-test/	Regrets: I Wish I’d... – B2 English Listening Test
listening	b2	https://test-english.com/listening/b2/behind-the-scenes-with-an-actor-b2-english-listening-test/	Behind the scenes with an actor – B2 English Listening Test
listening	b2	https://test-english.com/listening/b2/socializing-and-parties-b2-english-listening-test/	Socializing and parties – B2 English Listening Test
listening	b2	https://test-english.com/listening/b2/discussing-news-and-media-b2-english-listening-test/	Discussing news and media – B2 English Listening Test
listening	b2	https://test-english.com/listening/b2/dark-tourism-b2-english-listening-test/	Dark Tourism – B2 English Listening Test
listening	b2	https://test-english.com/listening/b2/retirement-challenges-in-the-u-s-b2-english-listening-test/	Retirement Challenges in the U.S. – B2 English Listening Test
listening	b2	https://test-english.com/listening/b2/the-truth-about-expired-food-b2-english-listening-test/	The truth about 
listening	b2	https://test-english.com/listening/b2/the-chef-who-cant-eat-what-she-cooks-b2-english-listening-test/	The chef who can’t eat what she cooks – B2 English Listening Test
listening	b2	https://test-english.com/listening/b2/the-museum-of-your-exs-belongings-b2-english-listening-test/	The museum of your ex's belongings – B2 English Listening Test
listening	b2	https://test-english.com/listening/b2/student-accommodation-b2-english-listening-test/	Student accommodation – B2 English Listening Test
listening	b2	https://test-english.com/listening/b2/what-is-it-like-to-work-in-the-film-industry-b2-listening-test/	What is it like to work in the film industry? – B2 English Listening Test
listening	b2	https://test-english.com/listening/b2/how-good-is-your-job-b2-listening-test/	How good is your job? – B2 English Listening Test
listening	b2	https://test-english.com/listening/b2/frida-kahlo/	Frida Kahlo – B2 English Listening Test
listening	b2	https://test-english.com/listening/b2/the-personality-of-centenarians/	The personality of centenarians – B2 English Listening Test
listening	b2	https://test-english.com/listening/b2/inside-googles-office/	Inside Google's office – B2 English Listening Test
listening	b2	https://test-english.com/listening/b2/why-english-is-so-weird/	Why English spelling is so weird – B2 English Listening Test
listening	b2	https://test-english.com/listening/b2/benefits-bilingual-brain/	The benefits of a bilingual brain – B2 English Listening Test
listening	b2	https://test-english.com/listening/b2/threat-of-war/	Threat of war – B2 English Listening Test
listening	b2	https://test-english.com/listening/b2/interview-john-irving/	Interview with John Irving – B2 English Listening Test
listening	b2	https://test-english.com/listening/b2/interview-literary-translator/	Interview with a literary translator – B2 English Listening Test
listening	b2	https://test-english.com/listening/b2/chronic-fatigue-sydrom-interview/	Chronic Fatigue Syndrome – B2 English Listening Test
listening	b2	https://test-english.com/listening/b2/survive-kids-birthday-parties/	How to Survive Kids' Birthday parties – B2 English Listening Test
listening	b2	https://test-english.com/listening/b2/life-without-cell-phone/	Life without a cell phone – B2 English Listening Test
listening	b2	https://test-english.com/listening/b2/internet-addiction-south-korea/	Detox camps for internet addicts – B2 English Listening Test
listening	b2	https://test-english.com/listening/b2/future-airport-security/	The future of airport security – B2 English Listening Test
listening	b2	https://test-english.com/listening/b2/researchers-investigate-bush-medicine/	Researchers investigate bush medicine – B2 English Listening Test
listening	b2	https://test-english.com/listening/b2/thailand-sees-brisk-trade-illegal-species/	Thailand sees brisk trade in illegal species – B2 English Listening Test
listening	b2	https://test-english.com/listening/b2/interview-lily-singh/	Interview with Lily Singh – B2 English Listening Test
listening	c1	https://test-english.com/listening/c1/when-i-completely-embarrassed-myself-c1-english-listening-test/	When I completely embarrassed myself – C1 English Listening Test
listening	c1	https://test-english.com/listening/c1/why-is-walking-humans-superpower-c1-english-listening-test/	Why is walking humans' superpower? – C1 English Listening Test
listening	c1	https://test-english.com/listening/c1/when-you-cant-trust-who-you-hear-c1-english-listening-test/	When you can't trust who you hear – C1 English Listening Test
listening	c1	https://test-english.com/listening/c1/social-medias-impact-on-teenage-brains-c1-english-listening-test/	Social media's impact on teenage brains – C1 English Listening
listening	c1	https://test-english.com/listening/c1/too-intelligent-to-be-happy-c1-english-listening/	Too Intelligent to Be Happy? – C1 English Listening
listening	c1	https://test-english.com/listening/c1/are-we-eating-better-c1-english-listening/	Are We Eating Better? – C1 English Listening
listening	c1	https://test-english.com/listening/c1/sleep-tourism-rest-or-stress-c1-english-listening-test/	Sleep tourism: Rest or stress? – C1 English Listening Test
listening	c1	https://test-english.com/listening/c1/a-perfect-democracy-c1-english-listening-test/	A Perfect Democracy? – C1 English Listening Test
listening	c1	https://test-english.com/listening/c1/operation-cat-drop-c1-english-listening-test/	Operation cat drop – C1 English Listening Test
listening	c1	https://test-english.com/listening/c1/the-man-who-won-14-lotteries-c1-english-listening-test/	The man who won 14 lotteries – C1 English Listening Test
reading	a1	https://test-english.com/reading/a1/guess-who-a1-english-reading-test/	Guess who? – A1 English Reading Test
reading	a1	https://test-english.com/reading/a1/about-my-family/	About my family (Describing people) – A1 English Reading Test
reading	a1	https://test-english.com/reading/a1/neighborhood-reading-test/	My neighborhood  – A1 English Reading Test
reading	a1	https://test-english.com/reading/a1/the-british-ways-a1-english-reading-test/	The British ways – A1 English Reading Test
reading	a1	https://test-english.com/reading/a1/my-life-abroad-a1-english-reading-test/	My life abroad – A1 English Reading Test
reading	a1	https://test-english.com/reading/a1/top-things-that-i-do-a1-english-reading-test/	Top things that I do – A1 English Reading Test
reading	a1	https://test-english.com/reading/a1/a-day-in-the-life-of-an-airline-pilot-a1-english-reading-test/	A day in the life of an airline pilot – A1 English Reading Test
reading	a1	https://test-english.com/reading/a1/daily-routines-sportswoman/	The daily routines of a sportswoman – A1 English Reading Test
reading	a1	https://test-english.com/reading/a1/what-do-you-do-with-free-time/	What do you do with your free time? - A1 English Reading Test
reading	a1	https://test-english.com/reading/a1/my-first-day-at-school-reading-test/	Memories of my first day at school – A1 English Reading Test
reading	a1	https://test-english.com/reading/a1/email-to-a-friend-im-confined-at-home-a1-english-reading-test/	Email to a friend: I'm confined at home – A1 English Reading Test
reading	a1	https://test-english.com/reading/a1/around-the-world-traditions-a1-english-reading-test/	Traditions around the world – A1 English Reading Test
reading	a1	https://test-english.com/reading/a1/thanksgiving-reading-test/	Thanksgiving – A1 English Reading Test
reading	a1	https://test-english.com/reading/a1/pancake-day-a1-english-reading-test/	Pancake Day (British traditions) – A1 English Reading Test
reading	a1	https://test-english.com/reading/a1/tips-for-visiting-london-with-young-children-a1-english-reading-test/	Tips for visiting London with young children – A1 English Reading Test
reading	a1	https://test-english.com/reading/a1/looking-for-the-perfect-home-a1-english-reading-test/	Looking for the perfect home – A1 English Reading Test
reading	a1	https://test-english.com/reading/a1/online-shopping/	Online shopping – A1 English Reading Test
reading	a1	https://test-english.com/reading/a1/future-retirement-plans-a1-english-reading-test/	Future retirement plans – A1 English Reading Test
reading	a1	https://test-english.com/reading/a1/where-are-you-going-to-shop-a1-english-reading-test/	Where are you going to shop? – A1 English Reading Test
reading	a1	https://test-english.com/reading/a1/my-next-summer-holiday-plan-a1-english-reading-test/	My next summer holiday plan – A1 English Reading Test
reading	a1	https://test-english.com/reading/a1/a-trip-around-the-usa-reading-test/	A trip around the USA - A1 English Reading Test
reading	a1	https://test-english.com/reading/a1/three-american-festivals-reading-test/	Three American festivals – A1 English Reading Test
reading	a1	https://test-english.com/reading/a1/famous-peoples-first-jobs-reading-comprehension-test/	Famous people’s first jobs - A1 English Reading Test
reading	a1	https://test-english.com/reading/a1/tips-travelling-alone/	Tips for travelling alone – A1 English Reading Test
reading	a1	https://test-english.com/reading/a1/going-to-the-mall-reading-test/	Going to the mall - A1 English Reading Test
reading	a1	https://test-english.com/reading/a1/what-is-wearable-technology-a1-english-reading-test/	What is wearable technology? – A1 English Reading Test
reading	a2	https://test-english.com/reading/a2/should-i-tell-my-neighbour-a2-english-reading-test/	Should I tell my neighbour? – A2 English Reading Test
reading	a2	https://test-english.com/reading/a2/the-girl-who-saved-100-lives-a2-english-reading-test/	The girl who saved 100 lives – A2 English Reading Test
reading	a2	https://test-english.com/reading/a2/living-in-a-small-town-vs-a-big-city-a2-english-reading-test/	Living in a small town vs a big city – A2 English Reading Test
reading	a2	https://test-english.com/reading/a2/what-rainbows-mean-around-the-world-a2-english-reading-test/	What rainbows mean around the world – A2 English Reading Test
reading	a2	https://test-english.com/reading/a2/should-kids-help-with-household-chores-a2-english-reading-test/	Should kids help with household chores? – A2 English Reading Test
reading	a2	https://test-english.com/reading/a2/three-popular-inventions-from-the-1920s-reading-test/	Three popular inventions from the 1920s – A2 English Reading Test
reading	a2	https://test-english.com/reading/a2/a-really-popular-summer-festival-in-the-uk-a2-english-reading-test/	A really popular summer festival in the UK – A2 English Reading Test
reading	a2	https://test-english.com/reading/a2/three-experiences-i-have-had-a2-english-reading-test/	Three experiences I've had – A2 English Reading Test
reading	a2	https://test-english.com/reading/a2/how-my-life-has-changed-a2-english-reading-test/	How my life has changed – A2 English Reading Test
reading	a2	https://test-english.com/reading/a2/hobbies-people-collect-reading-test/	Hobbies: Why do people collect? – A2 English Reading Test
reading	a2	https://test-english.com/reading/a2/man-with-most-world-records-reading-test/	The man with the most world records - A2 English Reading Test
reading	a2	https://test-english.com/reading/a2/why-arent-babies-born-on-certain-days_reading-test/	Why aren't babies born on certain days? - A2 English Reading Test
reading	a2	https://test-english.com/reading/a2/diva-of-magic-reading-test/	Diva of magic - A2 English Reading Test
reading	a2	https://test-english.com/reading/a2/how-will-life-be-different-after-covid-19-a2-english-reading-test/	How will life be different after Covid-19? – A2 English Reading Test
reading	a2	https://test-english.com/reading/a2/frogs-in-love-romeo-and-juliet-reading-test/	Frogs in love: Romeo and Juliet – A2 English Reading Test
reading	a2	https://test-english.com/reading/a2/ancient-robots-reading-test/	Ancient robots - A2 English Reading Test
reading	a2	https://test-english.com/reading/a2/how-to-play-carrom_reading-test/	How to play carrom - A2 English Reading Test
reading	a2	https://test-english.com/reading/a2/travelling-rock-garden-chandigarh-reading-test/	Travel: The Rock Garden of Chandigarh – A2 English Reading Test
reading	a2	https://test-english.com/reading/a2/growing-up-poor/	Growing up poor – A2 English Reading Test
reading	a2	https://test-english.com/reading/a2/accommodation/	Accommodation - A2 English Reading Test
reading	a2	https://test-english.com/reading/a2/its-in-the-news/	It's in the news - A2 English Reading Test
reading	a2	https://test-english.com/reading/a2/chinese-new-year/	Chinese New Year – A2 English Reading Test
reading	a2	https://test-english.com/reading/a2/black-friday/	Black Friday - A2 English Reading Test
reading	a2	https://test-english.com/reading/a2/archaeologists-identify-mummy-lost-egyptian-queen/	Mummy of a lost Egyptian queen identified - A2 English Reading Test
reading	a2	https://test-english.com/reading/a2/benefits-of-nuts/	The benefits of nuts - A2 English Reading Test
reading	a2	https://test-english.com/reading/a2/how-to-buy-tickets-glastonbury-festival/	How to buy tickets for Glastonbury Festival – A2 English Reading Test
reading	b1	https://test-english.com/reading/b1/travel-around-europe-in-5-stops-b1-english-reading-test/	Travel around Europe in 5 stops – B1 English Reading Test
reading	b1	https://test-english.com/reading/b1/why-your-coworkers-hate-you-b1-english-reading-test/	Why your coworkers hate you – B1 English Reading Test
reading	b1	https://test-english.com/reading/b1/unusual-and-wonderful-jobs-b1-english-reading-test/	Unusual and wonderful jobs – B1 English Reading Test
reading	b1	https://test-english.com/reading/b1/how-led-lights-can-save-sea-turtles-lives-b1-english-reading-test/	How LED lights can save sea turtles' lives – B1 English Reading Test
reading	b1	https://test-english.com/reading/b1/underwater-search-for-lost-love-b1-english-reading-test/	Underwater search for lost love – B1 English Reading Test
reading	b1	https://test-english.com/reading/b1/actors-who-died-on-set-b1-english-reading-test/	Actors who died on set – B1 English Reading Test
reading	b1	https://test-english.com/reading/b1/a-town-that-lives-in-one-building-b1-english-reading/	A town that lives in one building – B1 English Reading Test
reading	b1	https://test-english.com/reading/b1/different-family-types-b1-english-reading-test/	Different family types – B1 English Reading Test
reading	b1	https://test-english.com/reading/b1/adopting-a-child-b1-english-reading-test/	Adopting a child – B1 English Reading Test
reading	b1	https://test-english.com/reading/b1/the-arm-of-liberty-reading-test/	The arm of Liberty - B1 English Reading Test
reading	b1	https://test-english.com/reading/b1/the-unhealthiest-places-in-the-world-b1-english-reading-test/	The unhealthiest places in the world – B1 English Reading Test
reading	b1	https://test-english.com/reading/b1/cheating-in-sports-b1-english-reading-test/	Cheating in sports – B1 English Reading Test
reading	b1	https://test-english.com/reading/b1/how-sleep-transformed-professional-football-reading-test/	How sleep transformed professional football - B1 English Reading Test
reading	b1	https://test-english.com/reading/b1/memorabilia-whats-the-thrill-b1-english-reading-test/	Memorabilia: What’s the thrill? – B1 English Reading Test
reading	b1	https://test-english.com/reading/b1/learning-english-forum-your-answer-reading-test/	Learning English Forum. Your answer! – B1 English Reading Test
reading	b1	https://test-english.com/reading/b1/speedflatmating-accommodation-b1-english-reading-test/	SpeedFlatmating (Accommodation) – B1 English Reading Test
reading	b1	https://test-english.com/reading/b1/chocolate-town-chocolate-workers-reading-test/	Chocolate town for chocolate workers - B1 English Reading Test
reading	b1	https://test-english.com/reading/b1/five-restaurant-reviews-reading-test/	Five restaurant reviews – B1 English Reading Test
reading	b1	https://test-english.com/reading/b1/active-villagers/	Active Villagers – B1 English Reading Test
reading	b1	https://test-english.com/reading/b1/ebay-tips-selling-successfully/	eBay tips for selling successfully – B1 English Reading Test
reading	b1	https://test-english.com/reading/b1/ig-nobel-prizes/	The Ig Nobel Prizes – B1 English Reading Test
reading	b1	https://test-english.com/reading/b1/welcome-home-future/	Welcome to the home of the future – B1 English Reading Test
reading	b1	https://test-english.com/reading/b1/child-marriage-nepal/	Child marriage in Nepal – B1 English Reading Test
reading	b1	https://test-english.com/reading/b1/hotel-leaflet/	Hotel leaflet – B1 English Reading Test
reading	b1	https://test-english.com/reading/b1/curriculum-vitaes-tips-can-help/	Curriculum Vitaes: Tips that can Help – B1 English Reading Test
reading	b1-b2	https://test-english.com/reading/b1-b2/why-we-sleep-b1-english-reading-test/	Why we sleep – B1+ English Reading Test
reading	b1-b2	https://test-english.com/reading/b1-b2/the-business-of-running-b1-english-reading-test/	The business of running – B1+ English Reading Test
reading	b1-b2	https://test-english.com/reading/b1-b2/why-we-cant-stop-lying-b1-english-reading-test/	Why we can't stop lying – B1+ English Reading Test
reading	b1-b2	https://test-english.com/reading/b1-b2/incredible-hoaxes-b1-english-reading-test/	Incredible hoaxes – B1+ English Reading Test
reading	b1-b2	https://test-english.com/reading/b1-b2/crazy-conspiracy-theories-b1-english-reading-test/	Crazy conspiracy theories – B1+ English Reading Test
reading	b1-b2	https://test-english.com/reading/b1-b2/supernova-hunters-b1-english-reading-test/	Supernova hunters – B1+ English Reading Test
reading	b1-b2	https://test-english.com/reading/b1-b2/binge-watching-b1-b2-reading-test/	Binge-watching – B1+ English Reading Test
reading	b1-b2	https://test-english.com/reading/b1-b2/can-you-stay-friends-after-divorce/	Can you stay friends after divorce? – B1+ English Reading Test
reading	b1-b2	https://test-english.com/reading/b1-b2/seeding-clouds-to-make-rain-b1-english-reading-test/	Seeding clouds to make rain – B1+ English Reading Test
reading	b1-b2	https://test-english.com/reading/b1-b2/ai-boomers-vs-ai-doomers-b1-english-reading-test/	AI boomers vs AI doomers – B1+ English Reading Test
reading	b1-b2	https://test-english.com/reading/b1-b2/what-type-of-accommodation-best-suits-you-b1-english-reading-test/	What type of accommodation best suits you? – B1+ English Reading Test
reading	b1-b2	https://test-english.com/reading/b1-b2/deadly-tiktok-challenges-reading-test/	Deadly TikTok challenges – B1+ English Reading Test
reading	b1-b2	https://test-english.com/reading/b1-b2/world-walker-reading-test/	World walker – B1+ English Reading Test
reading	b1-b2	https://test-english.com/reading/b1-b2/is-buying-local-food-always-better-reading-test/	Food miles: Is buying local food always better? – B1+ English Reading
reading	b1-b2	https://test-english.com/reading/b1-b2/your-mental-health-starts-in-your-gut-b1-english-reading/	Your mental health starts in your gut – B1+ English Reading Test
reading	b1-b2	https://test-english.com/reading/b1-b2/where-are-the-harry-potter-stars-now-reading-test/	Where are the Harry Potter Stars now? – B1+ English Reading Test
reading	b1-b2	https://test-english.com/reading/b1-b2/strange-burial-reading-test/	Strange burial – B1+ English Reading Test
reading	b1-b2	https://test-english.com/reading/b1-b2/fear-of-missing-out-fomo-reading-test/	Fear of Missing Out (FOMO) - B1+ English Reading Test
reading	b1-b2	https://test-english.com/reading/b1-b2/the-alcohol-free-month-challenge-b1-english-reading-test/	The alcohol-free month challenge – B1+ English Reading Test
reading	b1-b2	https://test-english.com/reading/b1-b2/extreme-weather-b1-english-reading-test/	Extreme weather – B1+ English Reading Test
reading	b1-b2	https://test-english.com/reading/b1-b2/scamming-the-scammers-b1-english-reading-test/	Scamming the Scammers – B1+ English Reading Test
reading	b1-b2	https://test-english.com/reading/b1-b2/profiting-from-true-crime-stories-b1-english-reading/	Profiting from true crime stories – B1+ English Reading Test
reading	b1-b2	https://test-english.com/reading/b1-b2/eco-terrorism-b1-english-reading-test/	Eco-terrorism – B1+ English Reading Test
reading	b1-b2	https://test-english.com/reading/b1-b2/a-paranormal-experience/	A paranormal experience? – B1+ English Reading Test
reading	b1-b2	https://test-english.com/reading/b1-b2/should-motherhood-define-me/	Should motherhood define me? – B1+ English Reading Test
reading	b1-b2	https://test-english.com/reading/b1-b2/does-cannabis-cure-cancer/	Does cannabis cure cancer? – B1+ English Reading Test
reading	b2	https://test-english.com/reading/b2/is-overtourism-pricing-locals-out-b2-english-reading-test/	Is overtourism pricing locals out? – B2 English Reading Test
reading	b2	https://test-english.com/reading/b2/coolcationing-a-new-travel-trend-b2-english-reading-test/	Coolcationing: A new travel trend – B2 English Reading Test
reading	b2	https://test-english.com/reading/b2/using-ai-to-talk-to-the-deceased-b2-english-reading-test/	Using AI to talk to the deceased – B2 English Reading Test
reading	b2	https://test-english.com/reading/b2/regulating-deepfakes-b2-english-reading-test/	Regulating deepfakes – B2 English Reading Test
reading	b2	https://test-english.com/reading/b2/climate-migrants-b2-english-reading-test/	Climate migrants – B2 English Reading Test
reading	b2	https://test-english.com/reading/b2/am-i-in-a-toxic-relationship-b2-english-reading-test/	Am I in a toxic relationship? – B2 English Reading Test
reading	b2	https://test-english.com/reading/b2/the-most-unusual-tourist-attractions-b2-english-reading-test/	The most unusual tourist attractions – B2 English Reading Test
reading	b2	https://test-english.com/reading/b2/weak-ties-unveiling-the-power-of-acquaintances-b2-english-reading-test/	Weak ties: The power of acquaintances – B2 English Reading Test
reading	b2	https://test-english.com/reading/b2/the-most-sought-after-company-benefits-b2-english-reading-test/	The most sought-after company benefits – B2 English Reading Test
reading	b2	https://test-english.com/reading/b2/finding-calm-in-cities-b2-english-reading-test/	Finding calm in cities – B2 English Reading Test
reading	b2	https://test-english.com/reading/b2/second-hand-fashion-b2-english-reading-test/	Second-hand fashion – B2 English Reading Test
reading	b2	https://test-english.com/reading/b2/fatphobia-the-stigma-of-being-fat-b2-english-reading-test/	Fatphobia: The stigma of being fat – B2 English Reading Test
reading	b2	https://test-english.com/reading/b2/do-we-need-cash-anymore-b2-reading-test/	Do we really need cash anymore? – B2 English Reading Test
reading	b2	https://test-english.com/reading/b2/crypto-addicts-b2-reading-test/	Crypto addicts – B2 English Reading Test
reading	b2	https://test-english.com/reading/b2/personality-and-health-reading-test/	Personality and health – B2 English Reading Test
reading	b2	https://test-english.com/reading/b2/teenage-social-media-millionaires-reading-test/	Teenage Social Media Millionaires – B2 English Reading Test
reading	b2	https://test-english.com/reading/b2/is-banning-singl-use-plastic-the-right-option_reading-test/	Is banning single-use plastic the right option? – B2 English Reading Test
reading	b2	https://test-english.com/reading/b2/uk-students-protest-covid-19-measures-reading-test/	UK students protest Covid-19 measures – B2 English Reading Test
reading	b2	https://test-english.com/reading/b2/learning-from-penguin-poop-reading-test/	Learning from penguin poop – B2 English Reading Test
reading	b2	https://test-english.com/reading/b2/why-are-so-many-men-secret-dieters/	Why are so many men secret dieters? – B2 English Reading Test
reading	b2	https://test-english.com/reading/b2/10-things-never-starting-new-job/	10 things you should never do when starting a new job – B2 Reading
reading	b2	https://test-english.com/reading/b2/egypt-travel-guide/	Egypt travel guide – B2 English Reading Test
reading	b2	https://test-english.com/reading/b2/have-we-taken-security-too-far/	Have we taken security too far? – B2 English Reading Test
reading	b2	https://test-english.com/reading/b2/stay-fit-happy-healthy/	How to stay fit, happy and healthy – B2 English Reading Test
reading	b2	https://test-english.com/reading/b2/principles-new-high-protein-diet/	The principles of the New High Protein Diet – B2 English Reading Test
reading	c1	https://test-english.com/reading/c1/what-makes-us-laugh-c1-english-reading-test/	What makes us laugh? – C1 English Reading Test
reading	c1	https://test-english.com/reading/c1/a-walk-gone-wrong-c1-english-reading-test/	A walk gone wrong – C1 English Reading Test
reading	c1	https://test-english.com/reading/c1/how-ai-voice-cloning-is-changing-scams-c1-english-reading-test/	How AI voice cloning is changing scams – C1 English Reading Test
reading	c1	https://test-english.com/reading/c1/kidfluencers-growing-up-online-c1-english-reading/	Kidfluencers: Growing up online – C1 English Reading Test
reading	c1	https://test-english.com/reading/c1/are-we-becoming-dumber-c1-english-reading-test/	Are we becoming dumber? – C1 English Reading Test
reading	c1	https://test-english.com/reading/c1/being-30-then-now-and-tomorrow-c1-english-reading-test/	Being 30: Then, now and tomorrow – C1 English Reading Test
reading	c1	https://test-english.com/reading/c1/where-did-our-meeting-places-go-c1-english-reading-test/	Where did our meeting places go? – C1 English Reading Test
reading	c1	https://test-english.com/reading/c1/good-winners-sore-losers-c1-english-reading-test/	Good winners, sore losers – C1 English Reading Test
reading	c1	https://test-english.com/reading/c1/when-1-5-million-balloons-fell-c1-english-reading-test/	When 1.5 million balloons fell – C1 English Reading Test
reading	c1	https://test-english.com/reading/c1/the-plague-that-killed-100000-londoners-c1-english-reading-test/	The plague that killed 100,000 Londoners – C1 Reading Test
writing	a1	https://test-english.com/writing/a1/writing-about-my-family/	Writing about my family – A1 English writing
writing	a1	https://test-english.com/writing/a1/writing-about-my-daily-routine/	Writing about my daily routine – A1 English writing
writing	a1	https://test-english.com/writing/a1/my-hobby-a1-english-writing/	My hobby – A1 English writing
writing	a1	https://test-english.com/writing/a1/essay-about-my-neighbourhood-a1-english-writing/	Essay about 'My Neighbourhood' – A1 English writing
writing	a1	https://test-english.com/writing/a1/a-description-of-my-house-a1-english-writing/	A description of my house – A1 English writing
writing	a1	https://test-english.com/writing/a1/how-to-write-a-personal-profile-a1-english-writing/	How to write a personal profile – A1 English writing
writing	a1	https://test-english.com/writing/a1/how-to-write-an-invitation-email-a1-english-writing/	How to write an invitation – A1 English writing
writing	a1	https://test-english.com/writing/a1/describing-a-photograph-a1-english-writing/	Describing a photograph – A1 English writing
writing	a1	https://test-english.com/writing/a1/writing-an-email-giving-instructions-a1-english-writing/	Writing an email giving instructions – A1 English writing
writing	a1	https://test-english.com/writing/a1/my-weekend-plans-a1-english-writing/	My weekend plans – A1 English writing
writing	a2	https://test-english.com/writing/a2/writing-and-responding-to-an-informal-email-invitation/	Writing and responding to an informal email invitation – A2 writing
writing	a2	https://test-english.com/writing/a2/my-last-holiday-writing/	My last holiday - A2 English Writing
writing	a2	https://test-english.com/writing/a2/writing-an-essay-about-someones-job/	Writing an essay about someone's job – A2 English writing
writing	a2	https://test-english.com/writing/a2/writing-a-postcard-a2-english-writing/	Writing a postcard – A2 English writing
writing	a2	https://test-english.com/writing/a2/how-to-write-an-application-letter-for-a-summer-job/	How to write an application letter for a summer job – A2 English writing
writing	a2	https://test-english.com/writing/a2/how-to-write-an-email-to-book-a-hotel-room/	How to write an email to book a hotel room – A2 English writing
writing	a2	https://test-english.com/writing/a2/how-to-write-an-opinion-essay-a2-english-writing/	How to write an opinion essay – A2 English writing
writing	a2	https://test-english.com/writing/a2/a-thank-you-email-a2-english-writing/	A thank-you email – A2 English Writing
writing	a2	https://test-english.com/writing/a2/a-biography-of-someone-you-know-a2-english-writing/	A biography of someone you know – A2 English writing
writing	a2	https://test-english.com/writing/a2/my-favourite-photograph-a2-english-writing/	My favourite photograph – A2 English writing
writing	b1	https://test-english.com/writing/b1/writing-an-opinion-essay/	Writing an opinion essay – Tips, structure, examples, exercises
writing	b1	https://test-english.com/writing/b1/how-to-write-an-email-to-a-friend-giving-news/	How to write an email to a friend giving news
writing	b1	https://test-english.com/writing/b1/how-to-write-a-past-story-from-a-given-sentence/	How to write a past story from a given sentence
writing	b1	https://test-english.com/writing/b1/how-to-write-a-hotel-review-after-a-stay/	How to write a hotel review after a stay
writing	b1	https://test-english.com/writing/b1/how-to-write-an-article/	How to write an article – B1 Preliminary (PET) Exam
writing	b1	https://test-english.com/writing/b1/email-making-plans-for-visit-b1-writing/	Email making plans for visit – B1 Writing
writing	b1	https://test-english.com/writing/b1/how-to-write-an-email-cover-letter/	How to write an email cover letter
writing	b1	https://test-english.com/writing/b1/a-product-review-b1-english-writing/	A product review – B1 English Writing
writing	b1	https://test-english.com/writing/b1/describing-your-home-b1-english-writing/	Describing your home – B1 English writing
writing	b1	https://test-english.com/writing/b1/advantages-and-disadvantages-essay-b1-writing/	Advantages and disadvantages essay – B1 writing
writing	b1-b2	https://test-english.com/writing/b1-b2/describing-a-photo-b1-english-writing/	Describing a photo – B1+ English writing
writing	b1-b2	https://test-english.com/writing/b1-b2/an-informal-email-advice/	An informal email – asking for and giving advice
writing	b1-b2	https://test-english.com/writing/b1-b2/for-against-essay-balanced-essay/	A for and against essay – a balanced essay
writing	b1-b2	https://test-english.com/writing/b1-b2/narrative-writing-step-by-step/	Narrative writing step by step
writing	b1-b2	https://test-english.com/writing/b1-b2/how-to-write-an-apology-email-saying-sorry-to-your-friend/	How to write an apology email - Saying sorry to your friend
writing	b1-b2	https://test-english.com/writing/b1-b2/writing-a-how-to-article-for-a-blog-or-magazine/	Writing a 'how-to' article for a blog or magazine
writing	b1-b2	https://test-english.com/writing/b1-b2/informal-email-responding-to-news-b1-english-writing/	Informal email responding to news – B1+ English writing
writing	b1-b2	https://test-english.com/writing/b1-b2/a-book-review-b1-english-writing/	A book review – B1+ English Writing
writing	b1-b2	https://test-english.com/writing/b1-b2/giving-your-opinion-b1-english-writing/	Giving your opinion – B1+ English writing
writing	b2	https://test-english.com/writing/b2/formal-email-letter-asking-information/	Formal email or letter asking for information
writing	b2	https://test-english.com/writing/b2/a-formal-letter-of-complaint-tips-examples-exercises/	Writing formal letter of complaint – Tips, examples and exercises
writing	b2	https://test-english.com/writing/b2/writing-a-discussion-essay-discuss-two-views-and-give-your-opinion/	Writing a discussion essay: Discuss two views and give your opinion
writing	b2	https://test-english.com/writing/b2/opinion-essay-agree-or-disagree-with-a-statement/	Opinion essay – agree or disagree with a statement
writing	b2	https://test-english.com/writing/b2/a-formal-letter-of-apology-b2-english-writing/	A formal letter of apology – B2 English Writing
writing	b2	https://test-english.com/writing/b2/a-report-b2-english-writing/	A report – B2 English Writing
writing	b2	https://test-english.com/writing/b2/a-film-review-b2-english-writing/	A film review – B2 English Writing
writing	b2	https://test-english.com/writing/b2/writing-an-article-for-the-first-exam-b2-english-writing/	Writing an article for the First exam – B2 English writing
writing	b2	https://test-english.com/writing/b2/writing-an-email-cover-letter-b2-english-writing/	Writing an email cover letter - B2 English writing
writing	c1	https://test-english.com/writing/c1/a-problem-solution-essay-c1-english-writing/	A problem solution essay – C1 English Writing
writing	c1	https://test-english.com/writing/c1/describing-visual-data-c1-english-writing/	Describing visual data – C1 English Writing
writing	c1	https://test-english.com/writing/c1/an-advanced-essay-c1-english-writing/	An Advanced essay – C1 English Writing
writing	c1	https://test-english.com/writing/c1/how-to-write-a-proposal-c1-english-writing/	How to write a proposal – C1 English Writing
writing	c1	https://test-english.com/writing/c1/how-to-write-a-c1-advanced-report/	How to write a C1 advanced report
writing	c1	https://test-english.com/writing/c1/how-to-write-a-formal-email-or-letter-for-c1-advanced/	How to write a formal email or letter for C1 Advanced
writing	c1	https://test-english.com/writing/c1/how-to-write-a-c1-advanced-review/	How to write a C1 Advanced review
writing	c1	https://test-english.com/writing/c1/how-to-write-a-blog-post-c1-english-writing/	How to write a blog post – C1 English writing
use-of-english	a1	https://test-english.com/use-of-english/a1/a1-test-1/	A1 English test 1 – text with multiple choice gaps
use-of-english	a1	https://test-english.com/use-of-english/a1/a1-english-test-2-multiple-choice-questions/	A1 English test 2 – multiple choice questions
use-of-english	a1	https://test-english.com/use-of-english/a1/a1-english-test-3-text-multiple-choice-gaps/	A1 English test 3 – Text with multiple choice gaps
use-of-english	a1	https://test-english.com/use-of-english/a1/a1-english-test-4-multiple-choice-questions/	A1 English test 4 – multiple choice questions
use-of-english	a1	https://test-english.com/use-of-english/a1/a1-english-test-5-text-multiple-choice-gaps/	A1 English test 5 – Text with multiple choice gaps
use-of-english	a1	https://test-english.com/use-of-english/a1/a1-english-test-6-multiple-choice-questions/	A1 English test 6 – multiple choice questions
use-of-english	a1	https://test-english.com/use-of-english/a1/a1-english-test-7-text-with-multiple-choice-gaps/	A1 English test 7 – Text with multiple-choice gaps
use-of-english	a1	https://test-english.com/use-of-english/a1/a1-english-test-8-multiple-choice-questions/	A1 English test 8 – multiple choice questions
use-of-english	a1	https://test-english.com/use-of-english/a1/a1-english-test-9-text-with-multiple-choice_gaps/	A1 English test 9 – Text with multiple-choice gaps
use-of-english	a1	https://test-english.com/use-of-english/a1/a1-english-test-10-multiple-choice-questions/	A1 English test 10 – multiple choice questions
use-of-english	a1	https://test-english.com/use-of-english/a1/a1-english-test-11-text-with-multiple-choice-gaps/	A1 English test 11 – Text with multiple-choice gaps
use-of-english	a2	https://test-english.com/use-of-english/a2/a2-english-test-1-text-multiple-choice-gaps/	A2 English test 1 - text with multiple choice gaps
use-of-english	a2	https://test-english.com/use-of-english/a2/a2-english-test-2-multiple-choice-questions/	A2 English test 2 – multiple choice questions
use-of-english	a2	https://test-english.com/use-of-english/a2/a2-english-test-3-text-with-multiple-choice-gaps/	A2 English test 3 – Text with multiple choice gaps
use-of-english	a2	https://test-english.com/use-of-english/a2/a2-english-test-4-multiple-choice-questions/	A2 English test 4 – multiple choice questions
use-of-english	a2	https://test-english.com/use-of-english/a2/a2-english-test-5-text-with-multiple-choice-gaps/	A2 English test 5 – Text with multiple-choice gaps
use-of-english	a2	https://test-english.com/use-of-english/a2/a2-english-test-6-multiple-choice-questions/	A2 English test 6 – multiple choice questions
use-of-english	a2	https://test-english.com/use-of-english/a2/a2-english-test-7-text-with-multiple-choice-gaps/	A2 English test 7 – Text with multiple-choice gaps
use-of-english	a2	https://test-english.com/use-of-english/a2/a2-english-test-8-multiple-choice-questions/	A2 English test 8 – multiple choice questions
use-of-english	a2	https://test-english.com/use-of-english/a2/a2-english-test-9-text-with-multiple-choice-gaps/	A2 English test 9 – Text with multiple-choice gaps
use-of-english	a2	https://test-english.com/use-of-english/a2/a2-english-test-10-multiple-choice-questions/	A2 English test 10 – multiple choice questions
use-of-english	a2	https://test-english.com/use-of-english/a2/a2-english-test-11-text-with-multiple-choice-gaps/	A2 English test 11 – Text with multiple-choice gaps
use-of-english	b1	https://test-english.com/use-of-english/b1/b1-test-1/	B1 English test 1 - text with multiple-choice gaps
use-of-english	b1	https://test-english.com/use-of-english/b1/b1-english-test-2-multiple-choice-questions/	B1 English test 2 – multiple choice questions
use-of-english	b1	https://test-english.com/use-of-english/b1/b1-english-test-3-text-multiple-choice-gaps/	B1 English test 3 - text with multiple-choice gaps
use-of-english	b1	https://test-english.com/use-of-english/b1/b1-english-test-4-multiple-choice-questions/	B1 English test 4 – multiple choice questions
use-of-english	b1	https://test-english.com/use-of-english/b1/b1-english-test-5-text-with-multiple-choice-gaps/	B1 English test 5 – Text with multiple-choice gaps
use-of-english	b1	https://test-english.com/use-of-english/b1/b1-english-test-6_multiple-choice-questions/	B1 English test 6 – multiple choice questions
use-of-english	b1	https://test-english.com/use-of-english/b1/b1-english-test-7-text-with-multiple-choice-gaps/	B1 English test 7 – Text with multiple-choice gaps
use-of-english	b1	https://test-english.com/use-of-english/b1/b1-english-test-8-multiple-choice-questions/	B1 English test 8 – multiple choice questions
use-of-english	b1	https://test-english.com/use-of-english/b1/b1-english-test-9-text-with-multiple-choice-gaps/	B1 English test 9 – Text with multiple-choice gaps
use-of-english	b1	https://test-english.com/use-of-english/b1/b1-english-test-10-multiple-choice-questions/	B1 English test 10 – multiple choice questions
use-of-english	b1	https://test-english.com/use-of-english/b1/b1-english-test-11-text-with-multiple-choice-gaps/	B1 English test 11 – Text with multiple-choice gaps
use-of-english	b1-b2	https://test-english.com/use-of-english/b1-b2/b1-english-test-1-text-multiple-choice-gaps/	B1+ English test 1 – text with multiple choice gaps
use-of-english	b1-b2	https://test-english.com/use-of-english/b1-b2/b1-test-2-multiple-choice-questions/	B1+ English test 2 – multiple choice questions
use-of-english	b1-b2	https://test-english.com/use-of-english/b1-b2/b1-english-test-3-text-with-multiple-choice-gaps/	B1+ English test 3 – text with multiple choice gaps
use-of-english	b1-b2	https://test-english.com/use-of-english/b1-b2/b1-english-test-4-multiple-choice-questions/	B1+ English test 4 – multiple choice questions
use-of-english	b1-b2	https://test-english.com/use-of-english/b1-b2/b1-english-test-5-text-multiple-choice-gaps/	B1+ English test 5 – text with multiple choice gaps
use-of-english	b1-b2	https://test-english.com/use-of-english/b1-b2/b1-english-test-6-multiple-choice-questions/	B1+ English test 6 – multiple choice questions
use-of-english	b1-b2	https://test-english.com/use-of-english/b1-b2/b1-english-test-7-text-with-multiple-choice-gaps/	B1+ English test 7 – Text with multiple-choice gaps
use-of-english	b1-b2	https://test-english.com/use-of-english/b1-b2/b1-b2-english-test-8-multiple-choice-questions/	B1+ English test 8 – multiple choice questions
use-of-english	b1-b2	https://test-english.com/use-of-english/b1-b2/b1-b2-english-test-9-text-with-multiple-choice-gaps/	B1+ English test 9 – Text with multiple-choice gaps
use-of-english	b1-b2	https://test-english.com/use-of-english/b1-b2/b1-english-test-10-multiple-choice-questions/	B1+ English test 10 – multiple choice questions
use-of-english	b1-b2	https://test-english.com/use-of-english/b1-b2/b1-b2-english-test-11-text-with-multiple-choice-gaps/	B1+ English test 11 – Text with multiple-choice gaps
use-of-english	b2	https://test-english.com/use-of-english/b2/b2-english-test-1-text-multiple-choice-gaps/	B2 English test 1 – text with multiple choice gaps
use-of-english	b2	https://test-english.com/use-of-english/b2/b2-english-test-2-multiple-choice-questions/	B2 English test 2 – multiple choice questions
use-of-english	b2	https://test-english.com/use-of-english/b2/b2-english-test-3-text-multiple-choice-gaps/	B2 English test 3 – text with multiple choice gaps
use-of-english	b2	https://test-english.com/use-of-english/b2/b2-english-test-4-multiple-choice-questions/	B2 English test 4 – multiple choice questions
use-of-english	b2	https://test-english.com/use-of-english/b2/b2-english-test-5-text-multiple-choice-gaps/	B2 English test 5 – text with multiple choice gaps
use-of-english	b2	https://test-english.com/use-of-english/b2/b2-english-test-6-multiple-choice-questions/	B2 English test 6 – multiple choice questions
use-of-english	b2	https://test-english.com/use-of-english/b2/b2-english-test-7-text-with-multiple-choice-gaps/	B2 English test 7 – text with multiple-choice gaps
use-of-english	b2	https://test-english.com/use-of-english/b2/b2-english-test-8-multiple-choice-questions/	B2 English test 8 – multiple choice questions
use-of-english	b2	https://test-english.com/use-of-english/b2/b2-english-test-9-text-with-multiple-choice-gaps/	B2 English test 9 – text with multiple-choice gaps
use-of-english	b2	https://test-english.com/use-of-english/b2/b2-english-test-10-multiple-choice-questions/	B2 English test 10 – multiple choice questions
use-of-english	b2	https://test-english.com/use-of-english/b2/b2-english-test-11-text-with-multiple-choice-gaps/	B2 English test 11 – text with multiple-choice gaps
